"","Site","Year","Location","Treatment","Depth","CanopyH","IncidentLight","PhragFlowers","LiveStem","TotalStem","richness","H","D1","J"
"1","LPC21",2016,"Long Point","Control",21,327,1.66,14,42,174,3,0.22854755559416,0.111771574395967,0.208032950251482
"2","LPC22",2016,"Long Point","Control",36,433,1.55,4,28,65,3,0.470686245732932,0.291490824832531,0.428437084299833
"3","LPC23",2016,"Long Point","Control",24,336,1.5,1,36,190,2,0.00523302279758571,0.0012484386517484,0.0075496560389358
"4","LPC24",2016,"Long Point","Control",13,334,1.24,11,52,193,1,0,0,NA
"5","LPC25",2016,"Long Point","Control",10,327,1.69,12,16,25,5,0.929905124103945,0.500554730212653,0.577782539431772
"6","LPC26",2016,"Long Point","Control",14,353,1.69,3,19,63,4,0.871798696990799,0.500554711186306,0.628869828401043
"7","LPC27",2016,"Long Point","Control",17,383,4.01,2,15,29,2,0.661563238157982,0.46875,0.954434002924965
"8","LPC28",2016,"Long Point","Control",23,450,1.7,1,26,74,1,0,0,NA
"9","LPC29",2016,"Long Point","Control",29,526,0.36,7,35,123,1,0,0,NA
"10","LPC30",2016,"Long Point","Control",26,364,0.58,16,39,55,2,0.00523302279758571,0.0012484386517484,0.0075496560389358
"11","LPC31",2016,"Long Point","Control",20,426,0.94,7,26,99,2,0.225249406026054,0.111702451608906,0.324966201036972
"12","LPC32",2016,"Long Point","Control",19,460,0.63,3,39,137,1,0,0,NA
"13","LPC33",2016,"Long Point","Control",18,367,1.06,6,17,31,3,0.78670123148341,0.475308644171193,0.71608632053184
"14","LPC34",2016,"Long Point","Control",38,319,2.6,19,58,70,4,0.0176307182061935,0.00427045456456054,0.0127178748616931
"15","LPC35",2016,"Long Point","Control",28,422,0.64,5,39,136,2,0.00471727818137278,0.0011098773247662,0.00680559383876022
"16","LPC36",2016,"Long Point","Control",24,369,1.1,7,50,108,1,0,0,NA
"17","LPC37",2016,"Long Point","Control",18,432,1.2,23,32,67,1,0,0,NA
"18","LPC38",2016,"Long Point","Control",34,462,0.9,17,31,137,1,0,0,NA
"19","LPC39",2016,"Long Point","Control",13,356,6.94,22,42,155,4,0.234896270926809,0.113786964332462,0.169441842594709
"20","LPC40",2016,"Long Point","Control",28,378,7.06,14,50,101,2,0.00523302855944238,0.00124844021175008,0.00754966435153784
"21","LPT05",2016,"Long Point","Treatment",31,374,2.69,1,11,77,6,1.15230780953993,0.633727978804708,0.643115233562225
"22","LPT06",2016,"Long Point","Treatment",30,470,0.3,1,59,186,2,0.00471727818137278,0.0011098773247662,0.00680559383876022
"23","LPT07",2016,"Long Point","Treatment",22,413,1.48,12,24,76,3,0.70291893077351,0.3984375,0.639824383928643
"24","LPT08",2016,"Long Point","Treatment",21,335,2.29,9,35,98,3,0.470686245732932,0.291490824832531,0.428437084299833
"25","LPT09",2016,"Long Point","Treatment",24,416,1.46,5,48,91,2,0.00471727818137278,0.0011098773247662,0.00680559383876022
"26","LPT10",2016,"Long Point","Treatment",22,386,0.8,7,42,166,3,0.00942963905494146,0.00221791029919938,0.00858322736074014
"27","LPT11",2016,"Long Point","Treatment",28,358,1.51,0,33,53,3,0.470686245732932,0.291490824832531,0.428437084299833
"28","LPT12",2016,"Long Point","Treatment",18,338,3.76,6,37,131,4,0.233371731379724,0.112814676464819,0.1683421197726
"29","LPT13",2016,"Long Point","Treatment",13,356,2.82,5,14,71,7,0.898595814723797,0.465554666125947,0.461786899646955
"30","LPT14",2016,"Long Point","Treatment",22,358,6.12,9,27,104,6,0.439276964652948,0.206350492727911,0.245165141971987
"31","LPT15",2016,"Long Point","Treatment",17,407,7.48,6,34,109,4,0.233371731379724,0.112814676464819,0.1683421197726
"32","LPT16",2016,"Long Point","Treatment",19,415,4.94,2,42,106,3,0.22854755559416,0.111771574395967,0.208032950251482
"33","LPT17",2016,"Long Point","Treatment",42,320,5,0,33,70,7,0.483153181606554,0.230413669469972,0.248291619138279
"34","LPT18",2016,"Long Point","Treatment",21,382,1.19,5,38,125,3,0.0104599138875032,0.00249454349136102,0.00952102392754426
"35","LPT19",2016,"Long Point","Treatment",18,356,0.91,3,76,131,3,0.0104599138875032,0.00249454349136102,0.00952102392754426
"36","LPT20",2016,"Long Point","Treatment",24,368,1.96,5,46,88,3,0.0104599138875032,0.00249454349136102,0.00952102392754426
"37","LPT41",2016,"Long Point","Treatment",13,381,0.89,2,47,133,3,0.0094296399791883,0.00221791054540132,0.00858322820202586
"38","LPT42",2016,"Long Point","Treatment",24,403,4.59,10,51,170,2,0.00471727818137278,0.0011098773247662,0.00680559383876022
"39","LPT43",2016,"Long Point","Treatment",25,360,8.87,10,11,48,3,0.830523691482846,0.5078125,0.755975242630612
"40","LPT44",2016,"Long Point","Treatment",33,382,2.66,7,34,93,3,0.353355675706635,0.198421437899736,0.321638196979411
"41","RPC02",2016,"Rondeau PP","Control",42,290,1.2,13,68,171,4,0.0141370601484877,0.00332409489506535,0.0101977332844861
"42","RPC03",2016,"Rondeau PP","Control",32,392,2.84,3,15,56,3,0.803742107316203,0.456747404844291,0.731597594170925
"43","RPC04",2016,"Rondeau PP","Control",13,322,2.07,0,13,50,4,0.702741741296969,0.501246882094636,0.506921012597406
"44","RPC05",2016,"Rondeau PP","Control",20,395,1.58,0,25,84,3,0.22854755559416,0.111771574395967,0.208032950251482
"45","RPC06",2016,"Rondeau PP","Control",32,272,15.25,21,58,110,4,0.357874573472184,0.199310547096252,0.258151936204286
"46","RPC07",2016,"Rondeau PP","Control",25,237,5.86,0,44,84,7,0.673576191269108,0.31384153200268,0.346149688152925
"47","RPC08",2016,"Rondeau PP","Control",20,279,4.37,0,26,79,9,0.87307316932982,0.529278090861126,0.397352723219709
"48","RPC09",2016,"Rondeau PP","Control",32,308,4.31,11,39,149,6,0.667717305644145,0.366310644097052,0.372660123812164
"49","RPC10",2016,"Rondeau PP","Control",24,279,5.05,5,37,110,10,0.858988139806932,0.386129647443288,0.37305380913849
"50","RPC11",2016,"Rondeau PP","Control",23,288,16.98,0,40,126,9,0.782185124655361,0.379990958575185,0.355987791472656
"51","RPC12",2016,"Rondeau PP","Control",21,283,12,18,46,158,7,0.443743837271953,0.207229828046848,0.228039222410849
"52","RPC13",2016,"Rondeau PP","Control",34,352,2.29,18,38,151,4,0.233371731379724,0.112814676464819,0.1683421197726
"53","RPC14",2016,"Rondeau PP","Control",17,358,1.81,2,30,125,9,0.630470677789462,0.286308286998703,0.286939571080989
"54","RPC15",2016,"Rondeau PP","Control",13,390,2.99,1,28,88,9,0.380398550515331,0.203733937219065,0.173126841215522
"55","RPC17",2016,"Rondeau PP","Control",32,339,14,6,27,62,3,0.995026944907961,0.592592559654313,0.905712556805887
"56","RPC18",2016,"Rondeau PP","Control",20,381,9.87,8,44,111,3,0.210581171517979,0.100669638313236,0.191679242704699
"57","RPC19",2016,"Rondeau PP","Control",44,383,3.9,2,36,99,3,0.536664547116242,0.277008300213675,0.48849312232513
"58","RPC20",2016,"Rondeau PP","Control",23,364,5.45,15,34,125,3,0.425848435539939,0.203703695469136,0.387623950626123
"59","RPC41",2016,"Rondeau PP","Control",48,365,7.4,3,15,20,5,1.14584767447503,0.635364468901807,0.711955189835228
"60","RPC16",2016,"Rondeau PP","Treatment",41,317,1.5,10,12,26,10,1.45753841551486,0.689055100724605,0.633000891020111
"61","RPT21",2016,"Rondeau PP","Treatment",33,410,0.88,0,33,95,3,0.536664547116242,0.277008300213675,0.48849312232513
"62","RPT22",2016,"Rondeau PP","Treatment",18,362,1.02,3,35,106,3,0.22854755559416,0.111771574395967,0.208032950251482
"63","RPT23",2016,"Rondeau PP","Treatment",31,430,0.66,8,46,152,3,0.0094296399791883,0.00221791054540132,0.00858322820202586
"64","RPT24",2016,"Rondeau PP","Treatment",26,367,2.68,0,28,106,3,0.425848449238581,0.203703703703704,0.387623963095164
"65","RPT25",2016,"Rondeau PP","Treatment",21,318,3.46,7,47,177,1,0,0,NA
"66","RPT26",2016,"Rondeau PP","Treatment",47,326,12.4,3,11,23,4,0.880537850903139,0.554157544368737,0.635173795406492
"67","RPT27",2016,"Rondeau PP","Treatment",44,299,12.1,10,32,81,5,0.289378362717712,0.145956350595837,0.179800886062177
"68","RPT28",2016,"Rondeau PP","Treatment",16,348,4.45,11,53,153,6,0.243004087809798,0.114895358063876,0.135623163702041
"69","RPT29",2016,"Rondeau PP","Treatment",32,308,3.23,13,25,48,4,0.808230554894996,0.457385573974637,0.583015106720973
"70","RPT30",2016,"Rondeau PP","Treatment",22,358,2.43,17,38,158,2,0.34883208556905,0.197530856511934,0.503258319953423
"71","RPT31",2016,"Rondeau PP","Treatment",20,364,2.26,16,28,84,2,0.22371806838701,0.110726638711174,0.322756947819197
"72","RPT32",2016,"Rondeau PP","Treatment",17,285,4.29,12,24,40,8,0.72683286877573,0.402177712401423,0.349532725112615
"73","RPT33",2016,"Rondeau PP","Treatment",31,307,13.63,2,28,79,5,0.870775498195144,0.499113437942281,0.541043237187193
"74","RPT34",2016,"Rondeau PP","Treatment",16,318,7.91,10,23,45,10,1.46883767245646,0.655469453911319,0.637908095959455
"75","RPT35",2016,"Rondeau PP","Treatment",46,328,6.7,16,52,163,3,0.22854755559416,0.111771574395967,0.208032950251482
"76","RPT36",2016,"Rondeau PP","Treatment",45,288,10,11,81,229,2,0.00471727818137278,0.0011098773247662,0.00680559383876022
"77","RPT37",2016,"Rondeau PP","Treatment",18,388,8.29,5,32,117,7,0.247812321207634,0.115932962143486,0.127350341087403
"78","RPT38",2016,"Rondeau PP","Treatment",33,326,12.68,13,53,156,3,0.00942963905494146,0.00221791029919938,0.00858322736074014
"79","RPT39",2016,"Rondeau PP","Treatment",21,322,11.54,8,40,106,8,0.0365025449133521,0.00869019849312647,0.0175540135087732
"80","RPT40",2016,"Rondeau PP","Treatment",24,348,7.66,5,54,162,2,0.00523302279758571,0.0012484386517484,0.0075496560389358
"81","LPC21",2017,"Long Point","Control",52,318,6.53,16,34,145,4,0.694763193115706,0.386734891319337,0.501165706650105
"82","LPC22",2017,"Long Point","Control",48,438,2.28,0,27,85,4,0.610796570704814,0.312519695766432,0.44059659177391
"83","LPC23",2017,"Long Point","Control",59,368,1.46,0,29,229,3,0.0748575053284306,0.0243770976367375,0.068138237757365
"84","LPC24",2017,"Long Point","Control",36,343,4.23,3,63,226,2,0.0345152269444104,0.0110972018140756,0.049794946747858
"85","LPC25",2017,"Long Point","Control",38,358,1.93,14,26,58,4,0.97359875522385,0.512316177962842,0.702303047988558
"86","LPC26",2017,"Long Point","Control",39,335,2.7,0,18,71,5,0.815477605044025,0.455709547135743,0.506684724364858
"87","LPC27",2017,"Long Point","Control",42,400,3.1,0,22,48,3,0.499433519182006,0.298968196853568,0.454603980251749
"88","LPC28",2017,"Long Point","Control",44,451,4.75,0,42,87,1,0,0,NA
"89","LPC29",2017,"Long Point","Control",53,450,0.91,0,36,138,2,0.410088068300669,0.244875435755301,0.59163202246511
"90","LPC30",2017,"Long Point","Control",49,398,2.73,6,42,67,1,0,0,NA
"91","LPC31",2017,"Long Point","Control",46,452,1.19,0,44,117,2,0.223718076065834,0.110726643598616,0.322756958897398
"92","LPC32",2017,"Long Point","Control",40,470,2.35,0,45,109,2,0.0401556865131666,0.0132866753922281,0.0579324097960373
"93","LPC33",2017,"Long Point","Control",32,347,2.37,4,25,49,3,0.499314934918205,0.298940854767393,0.454496040203177
"94","LPC34",2017,"Long Point","Control",61,379,21.4,12,54,86,5,0.448182049916241,0.208698691668603,0.2784711646555
"95","LPC35",2017,"Long Point","Control",54,371,0.91,0,49,191,2,0.0345152269444104,0.0110972018140756,0.049794946747858
"96","LPC36",2017,"Long Point","Control",45,380,0.62,3,66,155,1,0,0,NA
"97","LPC37",2017,"Long Point","Control",46,419,1.76,26,36,85,1,0,0,NA
"98","LPC38",2017,"Long Point","Control",53,445,1.16,1,35,118,1,0,0,NA
"99","LPC39",2017,"Long Point","Control",28,391,2.14,3,37,156,3,0.381395261835898,0.206425781500605,0.347160928172648
"100","LPC40",2017,"Long Point","Control",33,425,2.96,2,65,160,2,0.0345152269444104,0.0110972018140756,0.049794946747858
"101","LPT05",2017,"Long Point","Treatment",65,71,93.4,0,0,8,3,0.0948123734846024,0.0323021505096656,0.0863019415152793
"102","LPT06",2017,"Long Point","Treatment",43,0,67.77,0,0,2,1,0,0,NA
"103","LPT07",2017,"Long Point","Treatment",43.5,0,99.62,0,0,0,3,0.095393029174142,0.0325388655137052,0.0868304771010623
"104","LPT08",2017,"Long Point","Treatment",45,162,85.06,0,0,1,2,0.636492555456343,0.444423657447346,0.918264653319609
"105","LPT09",2017,"Long Point","Treatment",49,0,86.67,0,0,0,3,0.366391047628065,0.168696256049876,0.333503503835967
"106","LPT10",2017,"Long Point","Treatment",60,0,96.61,0,0,0,5,0.32035348739504,0.120080456734109,0.19904681312654
"107","LPT11",2017,"Long Point","Treatment",58,105,20.19,0,0,42,3,0.0836279450721133,0.0278091669921628,0.076121436046832
"108","LPT12",2017,"Long Point","Treatment",46.5,0,77.55,0,0,3,4,0.544852704097229,0.285763497298731,0.393028147108007
"109","LPT13",2017,"Long Point","Treatment",43,0,24.42,0,0,0,1,0,0,NA
"110","LPT14",2017,"Long Point","Treatment",43.5,85,76.7,0,0,7,3,0.0747490473023535,0.0243351818940006,0.0680395150075871
"111","LPT15",2017,"Long Point","Treatment",44.5,86.5,80.72,0,0,9,4,0.79634827806404,0.392107427285319,0.574443855791728
"112","LPT16",2017,"Long Point","Treatment",42,0,19.77,0,0,27,4,0.791236061864723,0.389033253225399,0.570756171312375
"113","LPT17",2017,"Long Point","Treatment",62,141,60.64,0,0,9,7,1.04886724052682,0.535932787699816,0.539011136272669
"114","LPT18",2017,"Long Point","Treatment",55,88,81.79,0,0,3,4,1.38628617999852,0.749995915819197,0.999994098568386
"115","LPT19",2017,"Long Point","Treatment",52,0,39.17,0,0,88,2,0.0828529496059014,0.0318734378807488,0.119531539519457
"116","LPT20",2017,"Long Point","Treatment",43,207,37,0,0,40,2,0.693134804303959,0.499987623795071,0.999982144836864
"117","LPT41",2017,"Long Point","Treatment",43,0,70.63,0,0,15,0,0,1,0
"118","LPT42",2017,"Long Point","Treatment",55,0,82.14,0,0,14,2,0.0376412514851538,0.0123015834756923,0.0543048468504856
"119","LPT43",2017,"Long Point","Treatment",50,0,85.86,0,0,0,1,0,0,NA
"120","LPT44",2017,"Long Point","Treatment",61.5,0,90.99,0,0,11,3,0.164847543035787,0.0629469296203889,0.150050700084229
"121","RPC02",2017,"Rondeau","Control",53.5,292,10.32,16,82,172,2,0.0345152269444104,0.0110972018140756,0.049794946747858
"122","RPC03",2017,"Rondeau","Control",49,378,6.79,9,28,71,3,0.639174369931069,0.425732498256644,0.581801584165752
"123","RPC04",2017,"Rondeau","Control",29,359.5,1.24,14,15,66,4,0.88992400187876,0.503549411163009,0.641944472139274
"124","RPC05",2017,"Rondeau","Control",37,312,12.89,4,14,15,2,0.636514195506351,0.444444470616412,0.91829587331244
"125","RPC06",2017,"Rondeau","Control",42,305,2.01,15,58,164,3,0.381395261835898,0.206425781500605,0.347160928172648
"126","RPC07",2017,"Rondeau","Control",46,396,1.01,1,39,121,6,0.839496318494465,0.438957087321227,0.468531816302411
"127","RPC08",2017,"Rondeau","Control",45,333,6.59,2,22,91,8,0.867221704022924,0.434411140799054,0.41704548391505
"128","RPC09",2017,"Rondeau","Control",37,348,19.67,6,39,143,4,0.82912504344122,0.465322761374987,0.598087294224747
"129","RPC10",2017,"Rondeau","Control",41,270,21.56,1,30,106,12,0.486938988132073,0.15919654803271,0.195958664352086
"130","RPC11",2017,"Rondeau","Control",46,384,12.19,3,31,107,7,0.642653708201568,0.352813441945998,0.330258675362559
"131","RPC12",2017,"Rondeau","Control",42,288,16.95,7,46,134,6,0.962519602419005,0.517269130924992,0.537192418373929
"132","RPC13",2017,"Rondeau","Control",42,322,10.1,16,34,133,2,0.666270344946184,0.473364829461036,0.961224922545239
"133","RPC14",2017,"Rondeau","Control",36,361,3.32,13,36,151,4,0.557685382870958,0.333301935604006,0.402284968122097
"134","RPC15",2017,"Rondeau","Control",14.5,355,1.05,7,32,111,3,0.07569548655192,0.0247013940993819,0.0689010011381618
"135","RPC17",2017,"Rondeau","Control",49.5,397,3.07,16,28,77,3,1.07953906678979,0.653746597251678,0.982638805268201
"136","RPC18",2017,"Rondeau","Control",39,341,1.3,3,43,103,3,0.823980581134677,0.486128619235703,0.75001944692756
"137","RPC19",2017,"Rondeau","Control",48,435,33.84,6,19,87,3,0.792360443175105,0.496517055999093,0.721237557005406
"138","RPC20",2017,"Rondeau","Control",40,377,2.44,9,28,111,3,0.739271964573277,0.446081320708235,0.672914341300082
"139","RPC41",2017,"Rondeau","Control",79,327,1.63,1,17,26,8,1.48870872340706,0.737549286471607,0.715917564195836
"140","RPC16",2017,"Rondeau","Treatment",25,148,80.18,0,0,27,4,0.328891306338941,0.132655134810804,0.237244928323341
"141","RPT21",2017,"Rondeau","Treatment",62,0,18.86,0,0,89,2,0.0340400123872191,0.0109161474557613,0.0491093570628398
"142","RPT22",2017,"Rondeau","Treatment",52,0,51.78,0,0,64,1,0,0,NA
"143","RPT23",2017,"Rondeau","Treatment",55,0,26.74,0,0,97,1,0,0,NA
"144","RPT24",2017,"Rondeau","Treatment",49,0,37.17,0,0,90,1,0,0,NA
"145","RPT25",2017,"Rondeau","Treatment",45,0,46.73,0,0,112,1,0,0,NA
"146","RPT26",2017,"Rondeau","Treatment",65.5,198,85.17,0,0,12,2,0.410138296499105,0.244915482619658,0.591704486437906
"147","RPT27",2017,"Rondeau","Treatment",57.5,0,76.35,0,0,90,1,0,0,NA
"148","RPT28",2017,"Rondeau","Treatment",35,0,79.31,0,0,25,2,0.0552964956943479,0.0194997342577652,0.0797759801167736
"149","RPT29",2017,"Rondeau","Treatment",45,0,10.98,0,0,58,2,0.0398250500454185,0.0131563299098556,0.0574554022036801
"150","RPT30",2017,"Rondeau","Treatment",46,0,29.19,0,0,11,1,0,0,NA
"151","RPT31",2017,"Rondeau","Treatment",38,0,51.48,0,0,77,1,0,0,NA
"152","RPT32",2017,"Rondeau","Treatment",39,0,57.87,0,0,47,4,0.621820317499159,0.374549232322688,0.448548544190019
"153","RPT33",2017,"Rondeau","Treatment",46,0,58.89,0,0,95,1,0,0,NA
"154","RPT34",2017,"Rondeau","Treatment",28.5,80,25.33,0,0,42,2,0.0968107918007783,0.0385950734673339,0.139668449235517
"155","RPT35",2017,"Rondeau","Treatment",48,0,47.42,0,0,149,0,0,1,0
"156","RPT36",2017,"Rondeau","Treatment",44,0,43.61,0,0,198,1,0,0,NA
"157","RPT37",2017,"Rondeau","Treatment",41,165,22.09,0,0,102,3,1.09861228866811,0.666666666666667,1
"158","RPT38",2017,"Rondeau","Treatment",48,0,16.49,0,0,170,1,0,0,NA
"159","RPT39",2017,"Rondeau","Treatment",42.5,132,13.03,0,4,117,4,0.79445096783007,0.390966100567614,0.573075235758939
"160","RPT40",2017,"Rondeau","Treatment",44,0,51.39,0,0,107,1,0,0,NA
"161","LPC21",2018,"Long Point","Control",60,365,8.71,12,20,63,3,0.509137344082687,0.255102040816326,0.463436782324667
"162","LPC22",2018,"Long Point","Control",63,443,7.37,9,17,58,4,0.233371715071515,0.112814673947243,0.168342108008714
"163","LPC23",2018,"Long Point","Control",52,325,6.39,4,31,168,3,0.0104598908637799,0.00249453726166249,0.0095210029704481
"164","LPC24",2018,"Long Point","Control",44,355,5.32,19,27,170,2,0.00588478334688601,0.00142653218585798,0.0084899477512584
"165","LPC25",2018,"Long Point","Control",27,390,1.86,29,31,84,3,0.00942962149334495,0.00221790562112278,0.00858321137548611
"166","LPC26",2018,"Long Point","Control",52,362,14.38,9,15,51,3,0.578325286660127,0.304498269896194,0.526414361668258
"167","LPC27",2018,"Long Point","Control",50,406,7.01,4,10,49,3,0.640878057729807,0.445060933110423,0.583352347630089
"168","LPC28",2018,"Long Point","Control",54,383,3.8,15,23,56,1,0,0,NA
"169","LPC29",2018,"Long Point","Control",61,455,4.95,11,28,63,2,0.00523302222145756,0.00124843849576362,0.00754965520775857
"170","LPC30",2018,"Long Point","Control",41,351,3.51,13,32,67,1,0,0,NA
"171","LPC31",2018,"Long Point","Control",36,440,2.6,18,28,110,2,0.00471727771882891,0.00110987720148481,0.00680559317145047
"172","LPC32",2018,"Long Point","Control",46,410,0.65,17,33,119,1,0,0,NA
"173","LPC33",2018,"Long Point","Control",34,334,0.96,13,22,61,3,0.353355670085838,0.198421433951245,0.321638191863141
"174","LPC34",2018,"Long Point","Control",44,318,3.1,25,43,68,1,0,0,NA
"175","LPC35",2018,"Long Point","Control",43,460,0.94,22,31,172,1,0,0,NA
"176","LPC36",2018,"Long Point","Control",45,432,0.77,17,56,200,1,0,0,NA
"177","LPC37",2018,"Long Point","Control",40,325,0.85,26,28,104,1,0,0,NA
"178","LPC38",2018,"Long Point","Control",35,430,6.18,22,27,110,1,0,0,NA
"179","LPC39",2018,"Long Point","Control",20,407,1.32,27,33,161,2,0.00471727771882891,0.00110987720148481,0.00680559317145047
"180","LPC40",2018,"Long Point","Control",35,410,1.78,17,54,170,1,0,0,NA
"181","LPT05",2018,"Long Point","Treatment",43,0,72.81,0,0,0,2,0.00429842623573473,0.000999000549799955,0.00620131821392151
"182","LPT06",2018,"Long Point","Treatment",43,0,90.37,0,0,0,1,0,0,NA
"183","LPT07",2018,"Long Point","Treatment",44,190,46.41,0,0,0,2,0.610864302054894,0.42,0.881290899230693
"184","LPT08",2018,"Long Point","Treatment",40,225,32.65,0,0,0,3,0.846365829626287,0.525951557093426,0.770395378202413
"185","LPT09",2018,"Long Point","Treatment",34,255,9.03,0,0,1,1,0,0,NA
"186","LPT10",2018,"Long Point","Treatment",41,275,37.84,0,0,0,3,0.567216926499445,0.375780127661087,0.516303096506506
"187","LPT11",2018,"Long Point","Treatment",44,0,63,0,0,0,1,0,0,NA
"188","LPT12",2018,"Long Point","Treatment",39,0,75.77,0,0,0,2,0.00471727771889827,0.00110987720150324,0.00680559317155053
"189","LPT13",2018,"Long Point","Treatment",39,143,68.2,0,2,2,5,0.402596504442463,0.186627060880179,0.250147272741686
"190","LPT14",2018,"Long Point","Treatment",43,0,15.02,0,0,11,4,0.757543769203005,0.421661354163247,0.546452319542754
"191","LPT15",2018,"Long Point","Treatment",35,197,63.83,0,0,0,3,0.786701237916914,0.475308641975309,0.716086326387868
"192","LPT16",2018,"Long Point","Treatment",31,206,57.13,0,0,0,2,0.576334087825907,0.387811597608057,0.8314743304017
"193","LPT17",2018,"Long Point","Treatment",50,245,10.47,8,22,31,4,0.887261795869745,0.551708600198066,0.640024096435758
"194","LPT18",2018,"Long Point","Treatment",40,0,86.6,0,0,0,1,0,0,NA
"195","LPT19",2018,"Long Point","Treatment",62,0,85.38,0,0,0,2,0.436162344953712,0.265927993835836,0.629249252087221
"196","LPT20",2018,"Long Point","Treatment",38,223,42.16,0,0,2,4,0.365361276649703,0.201083065131213,0.263552450977693
"197","LPT41",2018,"Long Point","Treatment",32,202,89.55,0,0,1,2,0.693147180559945,0.5,1
"198","LPT42",2018,"Long Point","Treatment",47,205,85.36,0,0,1,2,0.436162399580049,0.265928038491085,0.629249330896367
"199","LPT43",2018,"Long Point","Treatment",39,150,77.02,0,0,1,2,0.206192050633232,0.0997229916897509,0.29747224891929
"200","LPT44",2018,"Long Point","Treatment",29,200,16.06,0,0,6,5,0.753880225339622,0.446107869736703,0.468412120477179
"201","RPC10",2018,"Rondeau","Control",48.5,260,50.59,2,41,138,9,1.01501265483373,0.472404848201989,0.461952166976155
"202","RPC11",2018,"Rondeau","Control",43,350,16.17,0,27,175,5,0.362388740586168,0.200198171712472,0.225164784417247
"203","RPC12",2018,"Rondeau","Control",50,322,19.25,7,28,146,3,0.228547559834875,0.11177157543985,0.208032954111548
"204","RPC13",2018,"Rondeau","Control",42,305,5.99,14,26,165,3,0.210581159532574,0.100669632980285,0.191679231795112
"205","RPC14",2018,"Rondeau","Control",56,372,2.21,0,36,128,5,0.017169464657767,0.00398703590822336,0.0106679881995572
"206","RPC15",2018,"Rondeau","Control",34,356,1.11,0,35,136,5,0.017169464657767,0.00398703590822336,0.0106679881995572
"207","RPC17",2018,"Rondeau","Control",61,333,7.74,4,14,46,3,0.746032664714785,0.445,0.679068195768344
"208","RPC18",2018,"Rondeau","Control",53,367,3.8,2,20,51,3,0.210581159532574,0.100669632980285,0.191679231795112
"209","RPC19",2018,"Rondeau","Control",55,385,3.69,0,17,49,3,0.00859281707678382,0.00199650698851594,0.00782151917051759
"210","RPC2",2018,"Rondeau","Control",54,295,2.44,1,66,88,2,0.00429842585587959,0.000999000449949827,0.00620131766590639
"211","RPC20",2018,"Rondeau","Control",43,332,9.48,3,18,65,3,0.00859281507796501,0.00199650646336136,0.0078215173511143
"212","RPC3",2018,"Rondeau","Control",60.5,366,2.87,0,24,58,3,0.00859281707678382,0.00199650698851594,0.00782151917051759
"213","RPC4",2018,"Rondeau","Control",37,380,1.94,0,11,45,3,0.210581159532574,0.100669632980285,0.191679231795112
"214","RPC5",2018,"Rondeau","Control",50,360,2.22,0,26,37,2,0.191444081957717,0.090702947845805,0.276195427647939
"215","RPC6",2018,"Rondeau","Control",62,345,1.06,6,40,140,2,0.00429842585587959,0.000999000449949827,0.00620131766590639
"216","RPC7",2018,"Rondeau","Control",53.5,376,6.89,0,45,167,5,0.434805416730967,0.205469679815079,0.2701597951507
"217","RPC8",2018,"Rondeau","Control",46,325,2.67,2,26,112,6,0.366898245868872,0.201084323366656,0.20476980988243
"218","RPC9",2018,"Rondeau","Control",53,302,7.17,0,43,154,3,0.425848416805282,0.203703684207304,0.387623933573103
"219","RPC16",2018,"Rondeau","Treatment",48,257,43.72,0,9,44,4,1.04801730825229,0.625934198477945,0.755984686690692
"220","RPT21",2018,"Rondeau","Treatment",64,0,99.38,0,0,3,2,0.00429842499641205,0.000999000224027213,0.00620131642595683
"221","RPT22",2018,"Rondeau","Treatment",53,0,92.2,0,0,33,1,0,0,NA
"222","RPT23",2018,"Rondeau","Treatment",61,0,92.11,0,0,29,1,0,0,NA
"223","RPT24",2018,"Rondeau","Treatment",58,0,78.22,0,0,56,1,0,0,NA
"224","RPT25",2018,"Rondeau","Treatment",53,0,65.51,0,0,34,1,0,0,NA
"225","RPT26",2018,"Rondeau","Treatment",86,236,32.13,0,0,10,2,0.562335173484847,0.375000026275001,0.811278166104024
"226","RPT27",2018,"Rondeau","Treatment",65,142,91.63,0,0,1,4,1.1172396378384,0.668866788171854,0.80591804249702
"227","RPT28",2018,"Rondeau","Treatment",39,190,31.42,0,0,61,3,0.470686330502077,0.291490897001487,0.428437161460034
"228","RPT29",2018,"Rondeau","Treatment",40,223,90.96,0,0,32,2,0.376770161256437,0.21875,0.543564443199596
"229","RPT30",2018,"Rondeau","Treatment",58,0,65.93,0,0,96,1,0,0,NA
"230","RPT31",2018,"Rondeau","Treatment",45,0,92.96,0,0,34,1,0,0,NA
"231","RPT32",2018,"Rondeau","Treatment",34,119,87.03,0,0,26,5,0.952113629840765,0.569812849354515,0.591581459890426
"232","RPT33",2018,"Rondeau","Treatment",57,170,53.25,0,0,38,1,0,0,NA
"233","RPT34",2018,"Rondeau","Treatment",45,86,56.13,0,0,18,3,0.882310924515076,0.551111111111111,0.803114013575012
"234","RPT35",2018,"Rondeau","Treatment",61,204,35.7,0,0,41,1,0,0,NA
"235","RPT36",2018,"Rondeau","Treatment",92,203,66.56,0,1,57,1,0,0,NA
"236","RPT37",2018,"Rondeau","Treatment",47,65,72.79,0,0,50,2,0.0555461097040588,0.019605935647004,0.08013609701072
"237","RPT38",2018,"Rondeau","Treatment",61,159,28.68,0,0,87,2,0.348832139341868,0.197530896737449,0.503258397531201
"238","RPT39",2018,"Rondeau","Treatment",45,210,24.85,0,28,120,5,0.522562456458344,0.324058707990945,0.324686309686855
"239","RPT40",2018,"Rondeau","Treatment",46,0,78.41,0,0,71,1,0,0,NA
"240","LPC21",2019,"Long Point","Control",76,355,4.62,0,22,84,5,0.795257706729674,0.476472040255308,0.494121395168909
"241","LPC22",2019,"Long Point","Control",94,391,3.57,0,32,105,6,0.290630075047164,0.105664321842996,0.162203733279209
"242","LPC23",2019,"Long Point","Control",78,332,3.26,0,39,168,4,0.136611649568843,0.0490478439574991,0.098544474680315
"243","LPC24",2019,"Long Point","Control",76,300,8.58,0,34,169,3,0.311761544159678,0.147160664819945,0.283777586847894
"244","LPC25",2019,"Long Point","Control",71,370,8.09,0,30,104,3,0.0902208698008498,0.0338332624297936,0.0821225747531261
"245","LPC26",2019,"Long Point","Control",72,340,7.68,0,38,140,4,0.925701911121967,0.5,0.667752778258549
"246","LPC27",2019,"Long Point","Control",88,384,21.72,0,17,61,3,0.592689686927938,0.397788770332975,0.539489402258989
"247","LPC28",2019,"Long Point","Control",80,375,5.34,0,31,102,1,0,0,NA
"248","LPC29",2019,"Long Point","Control",88,396,1.74,0,46,155,2,0.223718076065834,0.110726643598616,0.322756958897398
"249","LPC30",2019,"Long Point","Control",94,290,4.03,0,92,94,2,0.00523302855944238,0.00124844021175008,0.00754966435153784
"250","LPC31",2019,"Long Point","Control",83,381,2.79,0,27,119,4,0.46835710428393,0.227527985632227,0.33784823585777
"251","LPC32",2019,"Long Point","Control",81,370,0.96,0,33,104,4,0.289216318991265,0.132161032933837,0.20862547457643
"252","LPC33",2019,"Long Point","Control",80,359,2.83,0,18,59,3,0.478362628262914,0.265820273755207,0.435424428797216
"253","LPC34",2019,"Long Point","Control",85,110,96.58,0,15,15,4,0.233380406390074,0.0939937640300257,0.168348377469806
"254","LPC35",2019,"Long Point","Control",88,410,3.65,0,51,156,3,0.311761544159678,0.147160664819945,0.283777586847894
"255","LPC36",2019,"Long Point","Control",91,380,3.55,0,37,156,3,0.0716566991887387,0.0255894930911489,0.0652247384521894
"256","LPC37",2019,"Long Point","Control",80,360,3.09,0,23,107,4,0.351531244464457,0.16884417419078,0.253576191553199
"257","LPC38",2019,"Long Point","Control",84,370,5.98,0,18,56,2,0.0740225961475812,0.0277722674072605,0.106792032375842
"258","LPC39",2019,"Long Point","Control",68,355,1.74,0,30,168,4,0.343961926190345,0.150878593603856,0.248116082584713
"259","LPC40",2019,"Long Point","Control",69,385,1.05,0,38,191,2,0.00471727818137278,0.0011098773247662,0.00680559383876022
"260","LPT05",2019,"Long Point","Treatment",79,0,98.05,0,0,0,5,0.884123685665982,0.511291573421529,0.549336932375876
"261","LPT06",2019,"Long Point","Treatment",90,0,97.21,0,0,0,3,0.250305510150913,0.125610232065949,0.227837893980203
"262","LPT07",2019,"Long Point","Treatment",87,243,16.29,0,0,0,6,1.55580368256785,0.77473958296856,0.868310568068681
"263","LPT08",2019,"Long Point","Treatment",101,246,32.25,0,0,0,4,0.707712970034684,0.399188411565011,0.510506996120919
"264","LPT09",2019,"Long Point","Treatment",68,253,18.38,0,0,0,4,0.11183583743248,0.042204576340791,0.0806725040287515
"265","LPT10",2019,"Long Point","Treatment",76,240,29.2,0,0,0,8,1.22067594498157,0.594454234355312,0.587021044119122
"266","LPT11",2019,"Long Point","Treatment",90,108,53.57,0,0,0,8,1.67151914765442,0.789588065140584,0.803830795023994
"267","LPT12",2019,"Long Point","Treatment",79,282,22.35,0,0,0,7,1.44388626031674,0.710171088888045,0.742010755747229
"268","LPT13",2019,"Long Point","Treatment",84,186,99.62,0,0,0,5,1.26286432215413,0.665,0.784661720963304
"269","LPT14",2019,"Long Point","Treatment",39,244,2.89,0,0,0,7,1.22994052602407,0.593119441538834,0.632064397537149
"270","LPT15",2019,"Long Point","Treatment",63,243,10.67,0,0,0,7,1.2504496834845,0.641719877748019,0.642604019559467
"271","LPT16",2019,"Long Point","Treatment",44,53,81.83,0,0,9,3,0.462120575273117,0.280176376182726,0.420640275044951
"272","LPT17",2019,"Long Point","Treatment",77,171,48.5,0,0,0,6,0.889167344110647,0.469871892457674,0.496253743530502
"273","LPT18",2019,"Long Point","Treatment",85,92,98.74,0,0,0,4,0.992963807434371,0.553242077633814,0.716271980383895
"274","LPT19",2019,"Long Point","Treatment",84,0,95.92,0,0,0,6,1.4009108300781,0.704210087213538,0.781863221117318
"275","LPT20",2019,"Long Point","Treatment",85,110,62.66,0,0,0,7,1.32024894994294,0.658448421913545,0.678473746891081
"276","LPT41",2019,"Long Point","Treatment",79,139,9.85,0,0,0,6,1.11214880077017,0.596074413102454,0.620702064016057
"277","LPT42",2019,"Long Point","Treatment",43,224,14.74,0,2,2,7,1.27950848481683,0.689825979476093,0.657537289395398
"278","LPT43",2019,"Long Point","Treatment",91,0,87.7,0,0,0,6,1.55682574942646,0.770429362880886,0.868880994443515
"279","LPT44",2019,"Long Point","Treatment",100,0,95.68,0,0,0,4,0.46104966685806,0.231805306492357,0.332577033989816
"280","RPC10",2019,"Rondeau","Control",79,245,35.45,0,19,78,6,1.16425192996306,0.542864807480097,0.649781374095181
"281","RPC11",2019,"Rondeau","Control",74,305,8.93,0,24,132,6,0.453339834801283,0.240582737944114,0.253013779241583
"282","RPC12",2019,"Rondeau","Control",74,315,14.04,0,26,174,3,0.56387253235388,0.337603939916068,0.513258897765912
"283","RPC13",2019,"Rondeau","Control",77,295,8.08,0,30,164,3,0.440430386154221,0.266699743560474,0.400897014075977
"284","RPC14",2019,"Rondeau","Control",74,365,16.24,0,29,152,3,0.578325286660127,0.304498269896194,0.526414361668258
"285","RPC15",2019,"Rondeau","Control",49,340,2.66,0,36,171,3,0.119800864750163,0.0427693799120575,0.109047446479415
"286","RPC17",2019,"Rondeau","Control",88,343,31.36,0,9,61,3,0.846365829626287,0.525951557093426,0.770395378202413
"287","RPC18",2019,"Rondeau","Control",78,242,10.07,0,17,95,3,0.690017801207062,0.456466610312764,0.628081269729467
"288","RPC19",2019,"Rondeau","Control",71,338,10,0,18,90,3,0.580528533850227,0.388455269194252,0.528419843686643
"289","RPC2",2019,"Rondeau","Control",87,283,3.64,0,53,114,2,0.00471727818137278,0.0011098773247662,0.00680559383876022
"290","RPC20",2019,"Rondeau","Control",66,323,8.04,0,24,131,3,0.878525123392453,0.520775646239973,0.799668028888993
"291","RPC3",2019,"Rondeau","Control",89,394,3.38,0,19,98,4,0.479270673162338,0.243361090442413,0.34572071170741
"292","RPC4",2019,"Rondeau","Control",70,353,2.62,0,20,78,4,0.409945924960378,0.215811562248983,0.295713476486488
"293","RPC5",2019,"Rondeau","Control",80,360,14.23,0,19,68,4,0.744176064823707,0.505313416021948,0.536809559134713
"294","RPC6",2019,"Rondeau","Control",87,317,1.08,0,17,54,4,0.289216346407401,0.132161050505506,0.208625494352991
"295","RPC7",2019,"Rondeau","Control",76,290,35,0,33,102,4,0.0855346786985439,0.0305041706044741,0.0617002283912101
"296","RPC8",2019,"Rondeau","Control",80,355,11.88,0,38,124,4,0.493727806080316,0.281781022212975,0.35614932869053
"297","RPC9",2019,"Rondeau","Control",102,305,61.4,0,42,150,3,0.803742107316203,0.456747404844291,0.731597594170925
"298","RPC16",2019,"Rondeau","Treatment",76,355,17.76,0,4,9,4,1.11896889905829,0.627218947025036,0.807165440790191
"299","RPT21",2019,"Rondeau","Treatment",78,0,94.57,0,0,0,4,0.676716812636692,0.451756509132674,0.488147994838571
"300","RPT22",2019,"Rondeau","Treatment",94,0,100,0,0,0,2,0.693147180559945,0.5,1
"301","RPT23",2019,"Rondeau","Treatment",82,0,74.2,0,0,0,4,1.16425192091453,0.677237294554707,0.839830236324423
"302","RPT24",2019,"Rondeau","Treatment",84,0,69.4,0,0,8,5,0.922169400801959,0.569372177426976,0.572976064300162
"303","RPT25",2019,"Rondeau","Treatment",95,0,79.41,0,1,2,2,0.191444136899855,0.0907029810327193,0.276195506912688
"304","RPT26",2019,"Rondeau","Treatment",101,230,54.81,0,0,0,4,0.618082289020741,0.411526730801309,0.445852126615761
"305","RPT27",2019,"Rondeau","Treatment",90,120,88.01,0,0,0,4,0.764279813352956,0.439575861963878,0.551311348287926
"306","RPT28",2019,"Rondeau","Treatment",77,204,58.99,0,2,7,6,0.935231697519972,0.536299471252545,0.521962748673458
"307","RPT29",2019,"Rondeau","Treatment",92,0,74.37,0,0,11,3,0.848685515965202,0.493827130249658,0.772506847701564
"308","RPT30",2019,"Rondeau","Treatment",79,0,67.45,0,0,50,2,0.693147180559945,0.5,1
"309","RPT31",2019,"Rondeau","Treatment",74,0,79.14,0,0,8,2,0.636514168294813,0.444444444444444,0.918295834054489
"310","RPT32",2019,"Rondeau","Treatment",79,0,78.27,0,0,0,6,1.23503484592835,0.657319254673485,0.689286071673692
"311","RPT33",2019,"Rondeau","Treatment",82,0,87.42,0,0,0,2,0.450561208866305,0.277777777777778,0.650022421648354
"312","RPT34",2019,"Rondeau","Treatment",74,0,88.39,0,0,0,4,1.26374067933281,0.703125,0.911596205521549
"313","RPT35",2019,"Rondeau","Treatment",91,128,63.31,0,0,0,2,0.465999256961043,0.290657439446367,0.672294817075638
"314","RPT36",2019,"Rondeau","Treatment",92,0,86.59,0,0,0,3,0.525654757983469,0.285493829135802,0.47847158037959
"315","RPT37",2019,"Rondeau","Treatment",85,0,79.87,0,0,14,5,0.790772038645218,0.416426036452222,0.491334292883197
"316","RPT38",2019,"Rondeau","Treatment",85,136,71.67,0,0,4,3,0.52682469131659,0.300994376344915,0.479536499591935
"317","RPT39",2019,"Rondeau","Treatment",84,217,26.1,0,65,106,6,0.644032774364441,0.322020389847837,0.359441535220076
"318","RPT40",2019,"Rondeau","Treatment",87,0,76.11,0,0,9,2,0.693147180559945,0.5,1
"319","LPC21",2020,"Long Point","Control",55,270,26.31,0,7,59,5,0.63006506902865,0.296311519115196,0.391481438433213
"320","LPC22",2020,"Long Point","Control",82,310,13.97,0,22,80,5,0.295125488342852,0.127292061149476,0.183371775986379
"321","LPC23",2020,"Long Point","Control",70,370,15.49,0,30,130,3,0.526824767382305,0.300994432316355,0.479536568829933
"322","LPC24",2020,"Long Point","Control",57,257,22.94,0,14,213,3,0.598231436014821,0.321402592979307,0.544533719661993
"323","LPC25",2020,"Long Point","Control",67,372,1.98,0,36,94,1,0,0,NA
"324","LPC26",2020,"Long Point","Control",58,333,17.61,0,22,127,4,0.623848004006291,0.295138888888889,0.450011210824177
"325","LPC27",2020,"Long Point","Control",73,243,28.84,0,12,61,4,1.05608321725637,0.594135802469136,0.761803010150911
"326","LPC28",2020,"Long Point","Control",72,390,24.6,0,27,91,4,0.0967819082637059,0.0354132257902484,0.0698133895499095
"327","LPC29",2020,"Long Point","Control",53,363,9.99,0,29,145,3,0.277261073164956,0.143329687380351,0.252373904811397
"328","LPC30",2020,"Long Point","Control",81,304,14.71,0,77,85,1,0,0,NA
"329","LPC31",2020,"Long Point","Control",52,343,4.38,0,36,95,4,0.203984191123176,0.0821347364771783,0.147143490476577
"330","LPC32",2020,"Long Point","Control",74,359,4.37,0,33,64,4,0.46104966685806,0.231805306492357,0.332577033989816
"331","LPC33",2020,"Long Point","Control",69,376,3.18,0,45,85,5,0.141646193433531,0.0502053971101771,0.0880097283276412
"332","LPC34",2020,"Long Point","Control",93,0,100,0,0,0,8,1.53054408069067,0.716209821835392,0.736036118358127
"333","LPC35",2020,"Long Point","Control",82.5,285,47.54,0,29,82,4,0.133146696914067,0.0522167241662369,0.0960450396743354
"334","LPC36",2020,"Long Point","Control",62,330,14.96,0,45,127,4,0.0201778668700966,0.00497923852200755,0.014555254234603
"335","LPC37",2020,"Long Point","Control",76,366,38.61,0,21,58,5,0.242289933085193,0.0961431184874327,0.150543199717941
"336","LPC38",2020,"Long Point","Control",70,390,2.85,0,23,52,2,0.00673646213503625,0.0016638918032732,0.00971866051535307
"337","LPC39",2020,"Long Point","Control",51,310,3.82,0,30,177,5,0.081909013014423,0.0279887578574611,0.0508929312411589
"338","LPC40",2020,"Long Point","Control",63,406,1.51,0,53,106,3,0.0117616971997131,0.00285001780251393,0.0107059581628859
"339","LPT05",2020,"Long Point","Treatment",82,0,100,0,0,0,4,0.247043361797511,0.102053196820067,0.178204116474903
"340","LPT06",2020,"Long Point","Treatment",77,0,100,0,0,0,6,0.412935737750361,0.163955208922851,0.230463823321256
"341","LPT07",2020,"Long Point","Treatment",5,188,12.85,0,0,0,6,0.372802216923953,0.17138081130131,0.208064878867121
"342","LPT08",2020,"Long Point","Treatment",72,254,10.78,0,0,0,4,0.887261790041332,0.551708588387273,0.640024092231447
"343","LPT09",2020,"Long Point","Treatment",77,0,100,0,0,0,3,0.790906448517879,0.523497922407278,0.719914074033092
"344","LPT10",2020,"Long Point","Treatment",81,0,100,0,0,0,3,0.612313568651,0.387216963062442,0.557351829182005
"345","LPT11",2020,"Long Point","Treatment",107,0,100,0,0,0,5,1.40676737925005,0.741916286451101,0.874073717526926
"346","LPT12",2020,"Long Point","Treatment",65,218,93.53,0,0,0,5,1.34916894388966,0.705,0.838285797461544
"347","LPT13",2020,"Long Point","Treatment",72,0,100,0,0,0,7,0.995921213199079,0.528693040853194,0.511802260593878
"348","LPT14",2020,"Long Point","Treatment",83,0,100,0,0,0,8,0.809971901511512,0.525812657988054,0.389514148523354
"349","LPT15",2020,"Long Point","Treatment",79,0,100,0,0,0,2,0.00429842623573473,0.000999000549799955,0.00620131821392151
"350","LPT16",2020,"Long Point","Treatment",77,0,100,0,0,0,6,0.630174437425474,0.279233641894358,0.351707050108111
"351","LPT17",2020,"Long Point","Treatment",96,0,100,0,0,0,7,1.55036038981446,0.753699393595316,0.79672763440137
"352","LPT18",2020,"Long Point","Treatment",86,0,100,0,0,0,5,0.76082217599676,0.398065086157627,0.472725396934448
"353","LPT19",2020,"Long Point","Treatment",23,0,100,0,0,0,6,0.131241528500963,0.0512956373868352,0.0732472917012161
"354","LPT20",2020,"Long Point","Treatment",84,0,100,0,0,0,7,1.44096219202069,0.709696574414759,0.740508081896917
"355","LPT41",2020,"Long Point","Treatment",86,107,100,0,0,0,9,1.39372180276819,0.679332405322422,0.63431012794234
"356","LPT42",2020,"Long Point","Treatment",76,0,100,0,0,0,7,1.32820823264458,0.663890010995413,0.682564009077907
"357","LPT43",2020,"Long Point","Treatment",88,0,100,0,0,0,6,1.24355066532043,0.650320668753284,0.694038840970205
"358","LPT44",2020,"Long Point","Treatment",91,0,100,0,0,0,7,1.70767151303964,0.809065029522401,0.877569559863116
"359","RPC10",2020,"Rondeau","Control",65,102,6.22,0,26,107,4,0.922901797890644,0.562777941608453,0.66573292352217
"360","RPC11",2020,"Rondeau","Control",66,200,34.31,0,2,103,3,0.367649527906708,0.169421516724271,0.334649021951524
"361","RPC12",2020,"Rondeau","Control",67,193,12.78,0,22,143,2,0.562335144618808,0.375,0.811278124459133
"362","RPC13",2020,"Rondeau","Control",74,312,7.36,0,16,97,2,0.666278419053543,0.47337275812471,0.961236571019885
"363","RPC14",2020,"Rondeau","Control",79,199,17.22,0,21,114,4,1.20479330969478,0.662721893491124,0.869074666596433
"364","RPC15",2020,"Rondeau","Control",41,250,7.12,0,7,116,3,1.0549201258428,0.639999975680002,0.960229679500234
"365","RPC2",2020,"Rondeau","Control",63,140,73.3,0,14,56,6,0.227599972557495,0.082454546577395,0.12702596328711
"366","RPC3",2020,"Rondeau","Control",78,315,2.11,0,21,60,4,0.752598318762143,0.504565826558377,0.542884931129757
"367","RPC4",2020,"Rondeau","Control",73,323,22.28,0,5,63,3,0.719917405027106,0.481633897271757,0.655297061987073
"368","RPC5",2020,"Rondeau","Control",58,293,4.81,0,6,81,2,0.693147180559945,0.5,1
"369","RPC6",2020,"Rondeau","Control",56,356,2.89,0,13,51,3,0.0117616971997131,0.00285001780251393,0.0107059581628859
"370","RPC7",2020,"Rondeau","Control",71,251,5.57,0,30,87,2,0.636514168294813,0.444444444444444,0.918295834054489
"371","RPC8",2020,"Rondeau","Control",75,165,86.14,0,20,113,4,1.18030455699462,0.6484375,0.851409765557392
"372","RPC9",2020,"Rondeau","Control",63,203,15.69,0,10,42,3,0.790906433968707,0.523497917906008,0.719914060789866
"373","RPC16",2020,"Rondeau","Treatment",65,225,9.68,0,21,105,3,0.810150280407044,0.517751514246684,0.737430564689223
"374","RPT21",2020,"Rondeau","Treatment",88,190,83.11,0,0,0,4,0.470273400337358,0.222222232572074,0.339230551264348
"375","RPT22",2020,"Rondeau","Treatment",76,0,100,0,0,0,4,0.316669145815295,0.136252533569987,0.228428503135135
"376","RPT23",2020,"Rondeau","Treatment",27,0,100,0,0,0,3,0.835937334532536,0.48979589115646,0.760902952893396
"377","RPT24",2020,"Rondeau","Treatment",70,230,17.45,0,4,4,3,0.741830412456956,0.509753945691599,0.675243140923088
"378","RPT25",2020,"Rondeau","Treatment",91,0,100,0,0,0,3,0.698193307225425,0.458795045997955,0.635522936004904
"379","RPT26",2020,"Rondeau","Treatment",100,240,20.82,0,0,0,5,0.549264701957615,0.248513659309935,0.34127734764674
"380","RPT27",2020,"Rondeau","Treatment",81,136,77.12,0,0,0,5,1.36123948390067,0.719926543561789,0.845785645649385
"381","RPT28",2020,"Rondeau","Treatment",68,208,42.84,0,1,1,5,0.53923151206619,0.303279195385279,0.335043376262127
"382","RPT29",2020,"Rondeau","Treatment",62,272,7.32,0,11,21,6,0.766669988073026,0.423293588424218,0.427886667401474
"383","RPT30",2020,"Rondeau","Treatment",67,157,87.4,0,4,4,4,1.08497261217819,0.632290975904317,0.782642303544911
"384","RPT31",2020,"Rondeau","Treatment",66,0,100,0,4,5,4,0.992963807434371,0.553242077633814,0.716271980383895
"385","RPT32",2020,"Rondeau","Treatment",53,205,67.47,0,3,3,8,1.32463738957794,0.642209218700286,0.6370159309734
"386","RPT33",2020,"Rondeau","Treatment",70,0,100,0,0,0,3,0.110100081923397,0.0386389850057671,0.100217413421505
"387","RPT34",2020,"Rondeau","Treatment",60,137,74.21,0,0,0,4,1.33224493120596,0.721893493035956,0.961011577750149
"388","RPT35",2020,"Rondeau","Treatment",67,114,43.14,0,0,0,3,0.746032664714785,0.445,0.679068195768344
"389","RPT36",2020,"Rondeau","Treatment",74,129,92.3,0,0,0,3,0.280768063227331,0.124028299414796,0.255566104733561
"390","RPT37",2020,"Rondeau","Treatment",64,201,59.06,0,0,0,5,0.59038711938062,0.274793084701167,0.366828142185195
"391","RPT38",2020,"Rondeau","Treatment",81,148,10.52,0,0,0,2,0.529706199057655,0.345679012345679,0.76420450650862
"392","RPT39",2020,"Rondeau","Treatment",76,250,42.57,0,0,0,2,0.348832116894173,0.197530879945134,0.503258365146023
"393","RPT40",2020,"Rondeau","Treatment",NA,0,100,0,0,0,0,0,1,0
