"","ACHMILLE","BOLFLUVI","BRASCHE","CALCANAD","CAMAPARI","CARAQUAT","CARCOMOS","CARLACUS","CARLASIO","Carex.sp","CERDEME","CHARA.SP","DECVERTI","DULARUND","ELEPALUS","ELOCANA","EQUFLUVI","Fontinalis.S","GALLABRA","HYDMORSU","LEMMINOR","LYSTHRYS","Myriophyllum","MYRSIBI","MYRSPIC","NAJFLEXI","Nitella.spp.","NUPLUTE","NYMODOR","PHRAUSTR","PERAMPHI","POLYGONUM.SP","PONCORD","POTFOLI","POTNATA","POTPRAE","POTRICH","POTZOST","Potamogeton","Sagittaria.s","SAGCUNE","SAGLATIF","SCHPUNGE","SCHTABER","SCIACUTU","Solonaceae.S","SPARGANIUM.S","SPAEMER","SPAEURY","SPIPOLY","STUPECT","Typha.sp.","UTRINTER","UTRVULGA","ZIZPALUS","Seedling"
"1",0,0,0,0,0,0,0,0,0,0,0,0,0,0,0,0,0,0,0,0.00049975,0,0,0,0,0,0,0,0,0,0.7996002,0,0,0,0,0,0,0,0,0,0,0,0,0,0,0,0,0,0,0,0,0,0.04997501,0,0,0,0
"2",0,0,0,0,0,0,0,0,0,0,0,0,0,0,0,0,0,0,0,0.00049975,0,0,0,0,0,0,0,0,0,0.6996502,0,0,0,0,0,0,0,0,0,0,0,0,0,0,0,0,0,0,0,0,0,0.149925,0,0,0,0
"3",0,0,0,0,0,0,0,0,0,0,0,0,0,0,0,0,0,0,0,0.00049975,0,0,0,0,0,0,0,0,0,0.7996002,0,0,0,0,0,0,0,0,0,0,0,0,0,0,0,0,0,0,0,0,0,0,0,0,0,0
"4",0,0,0,0,0,0,0,0,0,0,0,0,0,0,0,0,0,0,0,0,0,0,0,0,0,0,0,0,0,0.8,0,0,0,0,0,0,0,0,0,0,0,0,0,0,0,0,0,0,0,0,0,0,0,0,0,0
"5",0,0,0,0.04997501,0,0.04997501,0,0,0,0,0,0,0,0,0,0,0.00049975,0,0,0,0,0,0,0,0,0,0,0,0,0.5997002,0,0,0,0,0,0,0,0,0,0,0,0,0,0,0,0,0,0,0,0,0,0.1999,0,0,0,0
"6",0,0,0,0.1498501,0,0.000499501,0,0,0,0,0,0,0,0,0,0,0,0,0,0,0,0,0,0,0,0,0,0,0,0.5994006,0,0,0,0,0,0,0,0,0,0,0,0,0,0,0,0,0,0,0,0,0,0.1498501,0,0,0,0
"7",0,0,0,0,0,0,0,0,0,0,0,0,0,0,0,0,0,0,0,0,0,0,0,0,0,0,0,0,0,0.5,0,0,0,0,0,0,0,0,0,0,0,0,0,0,0,0,0,0,0,0,0,0.3,0,0,0,0
"8",0,0,0,0,0,0,0,0,0,0,0,0,0,0,0,0,0,0,0,0,0,0,0,0,0,0,0,0,0,0.7,0,0,0,0,0,0,0,0,0,0,0,0,0,0,0,0,0,0,0,0,0,0,0,0,0,0
"9",0,0,0,0,0,0,0,0,0,0,0,0,0,0,0,0,0,0,0,0,0,0,0,0,0,0,0,0,0,0.8995502,0,0,0,0,0,0,0,0,0,0,0,0,0,0,0,0,0,0,0,0,0,0,0,0,0,0
"10",0,0,0,0,0,0,0,0,0,0,0,0,0,0,0,0,0,0,0,0,0,0,0,0,0,0,0,0,0,0.7996002,0,0,0,0,0,0,0,0,0,0,0,0,0,0,0,0,0,0,0,0,0,0.00049975,0,0,0,0
"11",0,0,0,0,0,0,0,0,0,0,0,0,0,0,0,0,0,0,0,0,0,0,0,0,0,0,0,0,0,0.7996002,0,0,0,0,0,0,0,0,0,0,0,0,0,0,0,0,0,0,0,0,0,0.05047476,0,0,0,0
"12",0,0,0,0,0,0,0,0,0,0,0,0,0,0,0,0,0,0,0,0,0,0,0,0,0,0,0,0,0,0.8995502,0,0,0,0,0,0,0,0,0,0,0,0,0,0,0,0,0,0,0,0,0,0,0,0,0,0
"13",0,0.04997501,0,0,0,0,0,0,0,0,0,0,0,0,0,0,0,0,0,0,0,0,0,0,0,0,0,0,0,0.5997002,0,0,0,0,0,0,0,0,0,0,0,0,0,0,0,0,0,0,0,0,0,0.2498751,0,0,0,0
"14",0,0,0,0,0,0,0,0,0,0,0,0,0,0,0,0,0,0,0,0.000499002,0,0,0,0,0,0,0,0,0,0.6986027,0,0,0,0,0,0,0,0,0,0,0,0,0.000499002,0,0.000499002,0,0,0,0,0,0,0,0,0,0,0
"15",0,0,0,0,0,0,0,0,0,0,0,0,0,0,0,0,0,0,0,0.00049975,0,0,0,0,0,0,0,0,0,0.8995502,0,0,0,0,0,0,0,0,0,0,0,0,0,0,0,0,0,0,0,0,0,0,0,0,0,0
"16",0,0,0,0,0,0,0,0,0,0,0,0,0,0,0,0,0,0,0,0,0,0,0,0,0,0,0,0,0,0.8,0,0,0,0,0,0,0,0,0,0,0,0,0,0,0,0,0,0,0,0,0,0,0,0,0,0
"17",0,0,0,0,0,0,0,0,0,0,0,0,0,0,0,0,0,0,0,0,0,0,0,0,0,0,0,0,0,0.9,0,0,0,0,0,0,0,0,0,0,0,0,0,0,0,0,0,0,0,0,0,0,0,0,0,0
"18",0,0,0,0,0,0,0,0,0,0,0,0,0,0,0,0,0,0,0,0,0,0,0,0,0,0,0,0,0,0.9,0,0,0,0,0,0,0,0,0,0,0,0,0,0,0,0,0,0,0,0,0,0,0,0,0,0
"19",0,0,0,0.000499251,0,0,0,0,0,0,0,0,0,0,0,0,0,0,0,0,0,0,0,0,0,0,0,0,0,0.7988018,0,0,0,0,0,0,0,0,0,0,0,0,0,0,0,0,0,0,0,0,0,0.05042436,0,0,0,0
"20",0,0,0,0,0,0,0,0,0,0,0,0,0,0,0,0,0,0,0,0.000499501,0,0,0,0,0,0,0,0,0,0.7992008,0,0,0,0,0,0,0,0,0,0,0,0,0,0,0,0,0,0,0,0,0,0,0,0,0,0
"21",0,0,0,0,0,0.0999001,0.000499501,0,0,0,0,0,0,0,0,0,0.000499501,0,0,0.04995005,0,0,0,0,0,0,0,0,0,0.3996004,0,0,0,0,0,0,0,0,0,0,0,0,0,0,0,0,0,0,0,0,0,0.2497503,0,0,0,0
"22",0,0,0,0,0,0,0,0,0,0,0,0,0,0,0,0,0,0,0,0.00049975,0,0,0,0,0,0,0,0,0,0.8995502,0,0,0,0,0,0,0,0,0,0,0,0,0,0,0,0,0,0,0,0,0,0,0,0,0,0
"23",0,0,0,0,0,0,0,0,0,0,0,0,0,0,0,0,0,0,0,0.05,0,0,0,0,0,0,0,0,0,0.6,0,0,0,0,0,0,0,0,0,0,0,0,0,0,0,0,0,0,0,0,0,0.15,0,0,0,0
"24",0,0,0,0,0,0,0,0,0,0,0,0,0,0,0,0,0,0,0,0.00049975,0,0,0,0,0,0,0,0,0,0.6996502,0,0,0,0,0,0,0,0,0,0,0,0,0,0,0,0,0,0,0,0,0,0.149925,0,0,0,0
"25",0,0,0,0,0,0,0,0,0,0,0,0,0,0,0,0,0,0,0,0,0,0,0,0,0,0,0,0,0,0.8995502,0,0,0,0,0,0,0,0,0,0,0,0,0,0,0,0,0,0,0,0,0,0.00049975,0,0,0,0
"26",0,0.000499501,0,0,0,0,0,0,0,0,0,0,0,0,0,0,0,0,0,0.000499501,0,0,0,0,0,0,0,0,0,0.8991009,0,0,0,0,0,0,0,0,0,0,0,0,0,0,0,0,0,0,0,0,0,0,0,0,0,0
"27",0,0,0,0,0,0,0,0,0,0,0,0,0,0,0,0,0,0,0,0.00049975,0,0,0,0,0,0,0,0,0,0.6996502,0,0,0,0,0,0,0,0,0,0,0,0,0,0,0,0,0,0,0,0,0,0.149925,0,0,0,0
"28",0,0,0,0,0.000499501,0.04995005,0,0,0,0,0,0,0,0,0,0,0,0,0,0.000499501,0,0,0,0,0,0,0,0,0,0.7992008,0,0,0,0,0,0,0,0,0,0,0,0,0,0,0,0,0,0,0,0,0,0,0,0,0,0
"29",0,0,0,0.04992511,0,0.000499251,0,0,0,0.04992511,0,0,0,0,0,0,0,0,0,0.000499251,0,0,0,0,0,0,0,0,0,0.5991014,0,0,0,0,0,0,0,0,0,0,0,0.000499251,0,0,0,0,0,0,0,0,0,0.1497753,0,0,0,0
"30",0,0,0,0,0,0,0,0,0,0,0,0,0,0,0,0,0.000499251,0,0,0.04992511,0,0,0,0,0,0,0,0,0,0.7988017,0,0,0,0,0,0,0,0,0,0,0,0.000499251,0,0,0,0,0.000499251,0,0,0,0,0.04992511,0,0,0,0
"31",0,0,0,0,0,0,0,0,0,0,0,0,0,0,0,0,0.000499501,0,0,0.000499501,0,0,0,0,0,0,0,0,0,0.7992008,0,0,0,0,0,0,0,0,0,0,0,0,0,0,0,0,0,0,0,0,0,0.04995005,0,0,0,0
"32",0,0,0,0,0,0,0,0,0,0,0,0,0,0,0,0,0,0,0,0.00049975,0,0,0,0,0,0,0,0,0,0.7996002,0,0,0,0,0,0,0,0,0,0,0,0,0,0,0,0,0,0,0,0,0,0.04997501,0,0,0,0
"33",0,0,0,0,0,0,0,0,0,0,0,0,0,0,0,0,0,0,0,0.000499002,0,0,0,0,0,0,0,0,0,0.6986027,0,0,0,0,0,0,0,0,0,0,0,0.04990019,0,0.000499002,0.000499002,0,0.000499002,0,0,0,0,0.04990019,0,0,0,0
"34",0,0,0,0,0,0,0,0,0,0,0,0,0,0,0,0,0,0,0,0.000499501,0,0,0,0,0,0,0,0,0,0.7992008,0,0,0,0,0,0,0,0,0,0,0,0,0,0,0,0,0,0,0,0,0,0.000499501,0,0,0,0
"35",0,0,0,0,0,0,0,0,0,0,0,0,0,0,0,0,0,0,0,0.000499501,0,0,0,0,0,0,0,0,0,0.7992008,0,0,0,0,0,0,0,0,0,0,0,0,0,0,0,0,0,0,0,0,0,0.000499501,0,0,0,0
"36",0,0,0,0,0,0,0,0,0,0,0,0,0,0,0,0,0,0,0,0.000499501,0,0,0,0,0,0,0,0,0,0.7992008,0,0,0,0,0,0,0,0,0,0,0,0,0,0,0,0,0,0,0,0,0,0.000499501,0,0,0,0
"37",0,0,0,0,0,0,0,0,0,0,0,0,0,0,0,0,0,0,0,0.000499501,0,0,0,0,0,0,0,0,0,0.8991008,0,0,0,0,0,0,0,0,0,0,0,0,0,0,0,0,0,0,0,0,0,0.000499501,0,0,0,0
"38",0,0,0,0,0,0,0,0,0,0,0,0,0,0,0,0,0,0,0,0.00049975,0,0,0,0,0,0,0,0,0,0.8995502,0,0,0,0,0,0,0,0,0,0,0,0,0,0,0,0,0,0,0,0,0,0,0,0,0,0
"39",0,0,0,0,0,0,0,0,0,0,0,0,0,0,0,0,0,0,0,0.05,0,0,0,0,0,0,0,0,0,0.5,0,0,0,0,0,0,0,0,0,0,0,0,0,0,0,0,0,0,0,0,0,0.25,0,0,0,0
"40",0,0,0,0,0,0,0,0,0,0,0,0,0,0,0,0,0,0,0,0.00049975,0,0,0,0,0,0,0,0,0,0.7996002,0,0,0,0,0,0,0,0,0,0,0,0,0,0,0,0,0,0,0,0,0,0.09995002,0,0,0,0
"41",0,0,0,0,0,0,0,0,0,0,0,0,0,0,0,0,0,0,0,0.000499251,0,0,0,0,0,0,0,0,0,0.898652,0,0,0,0,0,0,0,0,0.000499251,0,0,0,0,0,0.000499251,0,0,0,0,0,0,0,0,0,0,0
"42",0,0,0,0,0,0,0,0,0,0,0,0,0,0,0,0,0,0,0,0.1,0,0,0,0,0,0,0,0,0,0.6,0,0,0,0,0,0,0,0,0,0,0,0,0,0,0,0,0,0,0,0,0,0.15,0,0,0,0
"43",0,0,0,0,0,0,0,0,0,0,0,0,0,0,0,0,0,0,0,0.000499501,0,0,0,0,0,0,0,0,0,0.3996004,0,0,0,0,0,0,0,0,0,0,0,0,0,0,0,0.000499501,0,0,0,0,0,0.3996004,0,0,0,0
"44",0,0,0,0,0,0,0,0,0,0,0,0,0.00049975,0,0,0,0,0,0,0.04997501,0,0,0,0,0,0,0,0,0,0.7996002,0,0,0,0,0,0,0,0,0,0,0,0,0,0,0,0,0,0,0,0,0,0,0,0,0,0
"45",0,0,0,0,0,0,0,0,0,0,0,0,0,0,0,0,0,0,0,0.000499501,0,0,0,0,0,0,0,0,0,0.7992008,0,0,0,0,0,0,0,0,0,0,0,0,0,0,0.000499501,0,0,0,0,0,0,0.0999001,0,0,0,0
"46",0,0,0,0.04992511,0,0,0,0,0,0,0,0,0,0,0.000499251,0,0,0,0,0.04992511,0,0,0,0,0,0,0,0,0,0.6989515,0,0,0,0,0,0,0,0,0,0,0,0.04992511,0,0.000499251,0,0,0,0,0,0,0,0,0,0,0.000499251,0
"47",0,0,0,0.000498505,0.000498505,0.04985045,0.000498505,0,0.2991027,0,0,0,0,0,0.000498505,0,0,0,0,0.000498505,0,0,0,0,0,0,0,0,0,0.4985045,0,0,0,0,0,0,0,0,0,0,0,0.000498505,0,0,0,0,0,0,0,0,0,0,0,0,0,0
"48",0,0,0,0,0,0.1497753,0,0,0,0,0,0,0,0.000499251,0,0,0,0,0,0.04992511,0,0,0,0,0,0,0,0,0,0.6989515,0,0,0,0,0,0,0,0,0,0,0,0.000499251,0,0,0,0,0,0,0,0,0,0,0,0,0.000499251,0
"49",0,0,0,0.000498753,0.000498753,0.04987531,0,0,0,0,0,0,0,0.000498753,0,0,0,0,0,0.000498753,0,0,0,0,0,0,0,0,0,0.6982543,0.04987531,0,0,0,0,0,0,0,0,0,0,0.000498753,0,0,0,0,0,0,0,0,0,0.04987531,0,0,0.04987531,0
"50",0,0,0,0.000498753,0,0,0.04987531,0,0,0,0,0,0,0.04987531,0.000498753,0,0,0,0,0.09975062,0,0,0,0,0,0,0,0,0,0.6982543,0.000498753,0,0,0,0,0,0,0,0,0,0,0.000498753,0,0,0,0,0,0,0,0,0,0,0,0,0.000498753,0
"51",0,0,0,0,0,0.0499002,0,0,0,0,0,0,0,0.000499002,0.000499002,0,0,0,0,0.000499002,0,0,0,0,0,0,0,0,0,0.7984031,0,0,0,0,0,0,0,0,0,0,0,0.000499002,0,0,0,0,0,0,0,0,0,0,0,0,0.0499002,0
"52",0,0,0,0,0,0,0,0,0,0,0,0,0,0,0,0,0,0,0.000499501,0.04995005,0,0.000499501,0,0,0,0,0,0,0,0.7992008,0,0,0,0,0,0,0,0,0,0,0,0,0,0,0,0,0,0,0,0,0,0,0,0,0,0
"53",0,0,0,0,0,0,0,0,0,0,0,0,0,0.04985044,0.000498504,0,0,0,0,0.04985044,0,0.000498504,0,0,0,0,0,0,0,0.7976071,0.04985044,0,0,0,0,0,0,0,0,0,0,0.000498504,0,0,0,0,0,0,0,0,0,0.000498504,0,0,0.000498504,0
"54",0,0,0,0.09965122,0.000498256,0,0,0,0,0,0,0,0,0,0.000498256,0,0,0,0.000498256,0,0,0,0,0,0,0,0,0,0,0.7972097,0.000498256,0,0,0,0,0,0,0,0,0,0,0.000498256,0,0,0,0,0,0,0,0,0,0.000498256,0,0,0.000498256,0
"55",0,0,0,0,0,0,0,0,0,0,0,0,0,0,0,0,0,0,0,0.1999,0,0,0,0,0,0,0,0,0,0.4997501,0,0,0,0,0,0,0,0,0,0,0,0,0,0,0,0,0,0,0,0,0,0.1999,0,0,0,0
"56",0,0,0,0,0,0,0,0,0,0,0,0,0,0,0,0,0,0,0,0.04995005,0,0,0,0,0,0,0,0,0,0.8991008,0,0,0,0,0,0,0,0,0,0,0,0,0,0,0,0,0,0,0,0,0,0.000499501,0,0,0,0
"57",0,0,0,0,0,0,0,0,0,0,0,0,0,0,0,0,0,0,0,0.09995002,0,0,0,0,0,0,0,0,0,0.7996002,0,0,0,0,0,0,0,0,0,0,0,0,0,0,0,0,0,0,0,0,0,0.04997501,0,0,0,0
"58",0,0,0,0,0,0,0,0,0,0,0,0,0,0,0,0,0,0,0,0.04997501,0,0,0,0,0,0,0,0,0,0.7996002,0,0,0,0,0,0,0,0,0,0,0,0,0,0,0,0,0,0,0,0,0,0.04997501,0,0,0,0
"59",0,0,0,0,0,0,0,0,0,0,0,0,0,0,0,0,0,0,0,0.1497753,0,0,0,0,0,0,0,0,0.000499251,0.4992511,0,0,0,0,0,0,0,0,0,0,0,0,0,0,0,0,0,0,0,0,0,0.2995507,0,0,0.04992511,0
"60",0,0,0,0.09980039,0,0.0499002,0,0,0.0499002,0,0,0,0,0.000499002,0,0,0,0,0,0.0499002,0,0.000499002,0,0,0,0,0,0,0,0.3992016,0.000499002,0,0,0,0,0,0,0,0,0,0,0.000499002,0,0,0,0,0,0,0,0,0,0.1497006,0,0,0,0
"61",0,0,0,0,0,0,0,0,0,0,0,0,0,0,0,0,0,0,0,0.04997501,0,0,0,0,0,0,0,0,0,0.7996002,0,0,0,0,0,0,0,0,0,0,0,0,0,0,0,0,0,0,0,0.09995002,0,0,0,0,0,0
"62",0,0,0,0,0,0,0,0,0,0,0,0,0,0,0,0,0,0,0,0.04997501,0,0,0,0,0,0,0,0,0,0.7996002,0,0,0,0,0,0,0,0,0,0,0,0,0,0,0,0,0,0,0,0.00049975,0,0,0,0,0,0
"63",0,0,0,0,0,0,0,0,0,0,0,0,0,0,0,0,0,0,0,0.000499501,0,0,0,0,0,0,0,0,0,0.8991008,0,0,0,0,0,0,0,0,0,0,0,0,0,0,0,0,0,0,0,0.000499501,0,0,0,0,0,0
"64",0,0,0,0,0,0,0,0,0,0,0,0,0,0,0,0,0,0,0,0.05,0,0,0,0,0,0,0,0,0,0.8,0,0,0,0,0,0,0,0,0,0,0,0,0,0,0,0,0,0,0,0,0,0.05,0,0,0,0
"65",0,0,0,0,0,0,0,0,0,0,0,0,0,0,0,0,0,0,0,0,0,0,0,0,0,0,0,0,0,0.8,0,0,0,0,0,0,0,0,0,0,0,0,0,0,0,0,0,0,0,0,0,0,0,0,0,0
"66",0,0,0,0,0,0,0,0,0,0,0,0,0,0,0,0,0,0,0,0.04997501,0,0,0,0,0,0,0,0,0,0.3998001,0,0,0,0,0,0,0,0,0,0,0,0.00049975,0,0,0,0,0,0,0,0,0,0.3998001,0,0,0,0
"67",0,0,0,0,0,0,0,0,0,0,0,0,0,0,0,0,0,0,0,0.000499251,0,0,0,0,0,0,0,0,0,0.5991013,0,0,0,0,0,0,0,0,0,0,0,0,0,0,0.04992511,0,0,0,0,0,0,0,0,0,0.000499251,0
"68",0,0,0,0.000499002,0.000499002,0,0,0.000499002,0.000499002,0,0,0,0,0,0,0,0,0,0,0,0,0,0,0,0,0,0,0,0,0.7984032,0.0499002,0,0,0,0,0,0,0,0,0,0,0,0,0,0,0,0,0,0,0,0,0,0,0,0,0
"69",0,0,0,0,0,0,0,0,0,0,0,0,0,0,0,0,0,0,0,0.0999001,0,0,0,0,0,0,0,0,0,0.5994006,0,0,0,0,0,0,0,0,0,0,0,0,0,0,0,0,0,0,0.000499501,0,0,0.1498501,0,0,0,0
"70",0,0,0,0,0,0,0,0,0,0,0,0,0,0,0,0,0,0,0,0.09995002,0,0,0,0,0,0,0,0,0,0.7996002,0,0,0,0,0,0,0,0,0,0,0,0,0,0,0,0,0,0,0,0,0,0,0,0,0,0
"71",0,0,0,0,0,0,0,0,0,0,0,0,0,0,0,0,0,0,0,0.04997501,0,0,0,0,0,0,0,0,0,0.7996002,0,0,0,0,0,0,0,0,0,0,0,0,0,0,0,0,0,0,0,0,0,0,0,0,0,0
"72",0,0,0,0.000498753,0,0,0,0,0,0.000498753,0,0,0,0,0,0,0,0,0,0.000498753,0,0,0,0,0,0,0,0,0,0.5985038,0.000498753,0,0,0,0,0,0,0,0,0,0,0.04987531,0,0,0,0,0,0,0.000498753,0,0,0.1496259,0,0,0,0
"73",0,0,0,0.000499501,0,0.0999001,0,0,0.1498501,0,0,0,0,0,0,0,0,0,0,0,0,0,0,0,0,0,0,0,0,0.4995005,0,0,0,0,0,0,0,0,0,0,0,0,0,0,0.000499501,0,0,0,0,0,0,0,0,0,0,0
"74",0,0,0,0.0998004,0.000499002,0.0499002,0,0,0.000499002,0,0,0,0.0499002,0,0,0,0,0,0,0,0,0,0,0,0,0,0,0,0,0.499002,0.0998004,0,0,0,0,0,0,0,0,0,0,0.0499002,0,0,0,0,0,0,0,0,0,0,0,0,0,0.000499002
"75",0,0,0,0,0,0,0,0,0,0,0,0,0,0,0,0,0,0,0,0,0,0,0,0,0,0,0,0.04997501,0,0.7996002,0,0,0,0,0,0,0,0,0,0,0,0,0,0,0.00049975,0,0,0,0,0,0,0,0,0,0,0
"76",0,0,0,0,0,0,0,0,0,0,0,0,0,0,0.00049975,0,0,0,0,0,0,0,0,0,0,0,0,0,0,0.8995502,0,0,0,0,0,0,0,0,0,0,0,0,0,0,0,0,0,0,0,0,0,0,0,0,0,0
"77",0,0,0,0,0,0.000498753,0,0,0.000498753,0,0,0,0,0,0,0,0,0,0,0,0,0,0,0,0,0,0,0,0,0.7980049,0,0,0,0,0,0,0,0,0,0,0,0,0,0,0.000498753,0,0,0,0,0,0,0.04987531,0,0,0,0.000498753
"78",0,0,0,0,0,0,0,0,0,0,0,0,0,0,0.000499501,0,0,0,0,0.000499501,0,0,0,0,0,0,0,0,0,0.8991009,0,0,0,0,0,0,0,0,0,0,0,0,0,0,0,0,0,0,0,0,0,0,0,0,0,0
"79",0,0,0,0,0.000498256,0.000498256,0,0,0.000498256,0,0,0,0,0,0.000498256,0,0.000498256,0,0,0.000498256,0,0,0,0,0,0,0,0,0,0.7972098,0,0,0,0,0,0,0,0,0,0,0,0,0,0,0,0,0,0,0,0,0,0.000498256,0,0,0,0
"80",0,0,0,0,0,0,0,0,0,0,0,0,0,0,0,0,0,0,0,0.00049975,0,0,0,0,0,0,0,0,0,0.7996002,0,0,0,0,0,0,0,0,0,0,0,0,0,0,0,0,0,0,0,0,0,0,0,0,0,0
"81",0,0,0,0,0,0,0,0,0,0,0,0,0,0,0,0,0,0,0,0.1653128,0,0,0,0,0,0,0,0,0,0.6612513,0,0,0,0,0,0,0,0,0,0,0,0,0,0,0,0,0,0,0,0,0,0.04132552,0,0.004100318,0,0
"82",0,0,0,0,0,0,0,0,0,0,0,0,0,0,0,0,0,0,0,0.03979677,0,0,0,0,0,0,0,0,0,0.5577547,0,0,0,0,0,0,0,0,0,0,0,0,0,0,0,0,0,0,0,0,0,0.07967481,0,0.003999675,0,0
"83",0,0,0,0,0,0,0,0,0,0,0,0,0,0,0,0,0,0,0,0.00470047,0,0,0,0,0,0,0,0,0,0.7547755,0,0,0,0,0,0,0,0,0,0,0,0,0,0,0,0,0,0,0,0,0,0,0,0.00470047,0,0
"84",0,0,0,0,0,0,0,0,0,0,0,0,0,0,0,0,0,0,0,0.0049995,0,0,0,0,0,0,0,0,0,0.8910109,0,0,0,0,0,0,0,0,0,0,0,0,0,0,0,0,0,0,0,0,0,0,0,0,0,0
"85",0,0,0,0.04949431,0,0.09898862,0,0,0,0,0,0,0,0,0,0,0,0,0,0,0,0,0,0,0,0,0,0,0,0.5940318,0,0,0,0,0,0,0,0,0,0,0,0,0,0,0,0,0,0,0,0,0,0.1484978,0,0,0,0
"86",0,0,0,0.04930275,0,0.004900273,0,0,0,0,0,0,0,0,0,0,0,0,0,0.004900273,0,0,0,0,0,0,0,0,0,0.5911329,0,0,0,0,0,0,0,0,0,0,0,0,0,0,0,0,0,0,0,0,0,0.1970553,0,0,0,0
"87",0,0,0,0,0,0,0,0,0,0,0,0,0,0,0,0,0,0,0,0.004999426,0,0,0,0,0,0,0,0,0,0.6930203,0,0,0,0,0,0,0,0,0,0,0,0,0,0,0,0,0,0,0,0,0,0.1484978,0,0,0,0
"88",0,0,0,0,0,0,0,0,0,0,0,0,0,0,0,0,0,0,0,0,0,0,0,0,0,0,0,0,0,0.8145,0,0,0,0,0,0,0,0,0,0,0,0,0,0,0,0,0,0,0,0,0,0,0,0,0,0
"89",0,0,0,0,0,0,0,0,0,0,0,0,0,0,0,0,0,0,0,0.1293,0,0,0,0,0,0,0,0,0,0.7758999,0,0,0,0,0,0,0,0,0,0,0,0,0,0,0,0,0,0,0,0,0,0,0,0,0,0
"90",0,0,0,0,0,0,0,0,0,0,0,0,0,0,0,0,0,0,0,0,0,0,0,0,0,0,0,0,0,0.7959204,0,0,0,0,0,0,0,0,0,0,0,0,0,0,0,0,0,0,0,0,0,0,0,0,0,0
"91",0,0,0,0,0,0,0,0,0,0,0,0,0,0,0,0,0,0,0,0,0,0,0,0,0,0,0,0,0,0.8,0,0,0,0,0,0,0,0,0,0,0,0,0,0,0,0,0,0,0,0,0,0.05,0,0,0,0
"92",0,0,0,0,0,0,0,0,0,0,0,0,0,0,0,0,0,0,0,0.0049995,0,0,0,0,0,0,0,0,0,0.7425258,0,0,0,0,0,0,0,0,0,0,0,0,0,0,0,0,0,0,0,0,0,0,0,0,0,0
"93",0,0.004999232,0,0,0,0,0,0,0,0,0,0,0,0,0,0,0,0,0,0,0,0,0,0,0,0,0,0,0,0.696393,0,0,0,0,0,0,0,0,0,0,0,0,0,0,0,0,0,0,0,0,0,0.1492308,0,0,0,0
"94",0,0,0,0,0,0,0,0,0,0,0,0,0,0,0,0.00470047,0,0,0,0.00470047,0,0,0,0,0,0,0,0,0,0.4695469,0,0,0,0,0,0,0,0,0,0,0,0,0,0,0,0,0,0,0,0,0,0,0.00470047,0.04690469,0,0
"95",0,0,0,0,0,0,0,0,0,0,0,0,0,0,0,0,0,0,0,0.0049995,0,0,0,0,0,0,0,0,0,0.8910109,0,0,0,0,0,0,0,0,0,0,0,0,0,0,0,0,0,0,0,0,0,0,0,0,0,0
"96",0,0,0,0,0,0,0,0,0,0,0,0,0,0,0,0,0,0,0,0,0,0,0,0,0,0,0,0,0,0.8910109,0,0,0,0,0,0,0,0,0,0,0,0,0,0,0,0,0,0,0,0,0,0,0,0,0,0
"97",0,0,0,0,0,0,0,0,0,0,0,0,0,0,0,0,0,0,0,0,0,0,0,0,0,0,0,0,0,0.8954105,0,0,0,0,0,0,0,0,0,0,0,0,0,0,0,0,0,0,0,0,0,0,0,0,0,0
"98",0,0,0,0,0,0,0,0,0,0,0,0,0,0,0,0,0,0,0,0,0,0,0,0,0,0,0,0,0,0.8954105,0,0,0,0,0,0,0,0,0,0,0,0,0,0,0,0,0,0,0,0,0,0,0,0,0,0
"99",0,0,0,0,0,0,0,0,0,0,0,0,0,0,0,0,0,0,0,0.004999451,0,0,0,0,0,0,0,0,0,0.792013,0,0,0,0,0,0,0,0,0,0,0,0,0,0,0,0,0,0,0,0,0,0.09899902,0,0,0,0
"100",0,0,0,0,0,0,0,0,0,0,0,0,0,0,0,0,0,0,0,0.0049995,0,0,0,0,0,0,0,0,0,0.8910109,0,0,0,0,0,0,0,0,0,0,0,0,0,0,0,0,0,0,0,0,0,0,0,0,0,0
"101",0,0,0,0,0,0,0,0,0,0,0,0,0,0,0,0,0.004900362,0,0,0.5911437,0,0,0,0,0,0,0,0,0,0,0,0,0,0,0,0,0,0,0,0,0,0,0,0,0,0,0,0,0,0,0,0.004926472,0,0,0,0
"102",0,0,0,0,0,0,0,0,0,0,0,0,0,0,0,0,0,0,0,0.7207,0,0,0,0,0,0,0,0,0,0,0,0,0,0,0,0,0,0,0,0,0,0,0,0,0,0,0,0,0,0,0,0,0,0,0,0
"103",0,0,0,0,0,0,0,0,0,0,0,0,0,0,0,0,0,0,0,0.59407,0,0,0,0,0,0,0,0,0,0,0,0,0,0,0,0,0,0,0,0,0,0,0,0,0,0,0,0,0,0,0,0.004950245,0,0.004999748,0,0
"104",0,0,0,0,0,0,0,0,0,0,0,0,0,0,0,0,0,0,0,0.2844057,0,0,0,0,0,0,0,0,0,0,0,0,0,0,0,0,0,0,0,0,0,0,0,0,0,0,0,0,0,0,0,0.1421829,0,0,0,0
"105",0.00490049,0,0,0,0,0,0,0,0,0,0,0,0,0,0,0,0,0,0,0.09850986,0,0,0,0,0.00490049,0,0,0,0,0,0,0,0,0,0,0,0,0,0,0,0,0,0,0,0,0,0,0,0,0,0,0,0,0,0,0
"106",0.00490049,0,0,0,0,0,0,0,0,0,0,0,0,0,0,0.00490049,0,0,0,0.2941294,0,0,0,0,0.00490049,0,0,0,0,0,0,0,0,0,0,0,0,0,0,0,0,0,0,0,0,0,0,0,0,0,0,0,0,0.00490049,0,0
"107",0,0,0,0,0,0,0,0,0,0,0,0,0,0,0,0,0,0,0,0.534391,0,0,0,0,0,0,0,0,0,0,0,0,0,0,0,0,0,0,0,0,0,0,0,0,0,0,0,0,0,0,0,0.00381673,0,0.003799937,0,0
"108",0,0,0,0,0,0,0,0,0,0,0,0,0,0,0,0,0,0,0,0.2691042,0,0,0,0,0,0,0,0,0,0,0,0,0,0,0,0,0,0,0,0,0,0,0,0,0,0,0,0,0,0,0,0.004484375,0.004500071,0.0448007,0,0
"109",0,0,0,0,0,0,0,0,0,0,0,0,0,0,0,0,0,0,0,0.2727273,0,0,0,0,0,0,0,0,0,0,0,0,0,0,0,0,0,0,0,0,0,0,0,0,0,0,0,0,0,0,0,0,0,0,0,0
"110",0,0,0,0,0,0,0,0,0,0,0,0,0,0,0,0,0.004900001,0,0,0.7882001,0,0,0,0,0,0,0,0,0,0,0,0,0,0,0,0,0,0,0,0,0,0.004900001,0,0,0,0,0,0,0,0,0,0,0,0,0,0
"111",0,0,0,0,0,0,0,0,0,0,0,0,0,0,0,0,0.00469953,0,0,0.04669533,0,0,0,0,0,0,0,0,0,0,0,0,0,0,0,0,0,0,0,0,0,0,0,0,0,0,0,0,0,0,0,0,0.00469953,0.00469953,0,0
"112",0,0,0,0,0,0,0,0,0,0,0,0,0,0,0,0,0,0,0,0.0493,0,0,0,0,0,0.004900001,0,0,0,0,0,0,0,0,0,0,0,0,0,0,0,0,0,0,0,0,0,0,0,0,0,0,0,0.004900001,0,0.004900001
"113",0.004299332,0,0,0,0,0,0,0,0,0,0,0,0,0,0,0.004299332,0,0,0,0.2552603,0,0,0,0.004299332,0.08508679,0,0,0,0,0,0,0,0,0,0,0,0,0,0,0,0,0,0,0,0,0,0.04259339,0,0,0,0,0.004254658,0,0,0,0
"114",0,0,0,0,0,0,0,0,0,0,0,0,0,0,0,0,0,0,0,0.004898755,0,0,0,0,0.004898755,0,0,0,0,0,0,0,0,0,0,0,0,0,0,0,0,0,0,0,0,0,0,0,0,0,0,0.004853135,0.004898755,0,0,0
"115",0,0,0,0,0,0,0,0,0,0,0,0,0,0,0,0,0,0,0,0.2489751,0,0,0,0,0,0,0,0,0,0,0,0,0,0,0,0,0,0,0,0,0,0,0,0,0,0,0,0,0,0,0,0,0.00409959,0,0,0
"116",0,0,0,0,0,0,0,0,0,0,0,0,0,0,0,0,0,0,0,0,0,0,0,0,0.004999748,0,0,0,0,0,0,0,0,0,0,0,0,0,0,0,0,0,0,0,0,0,0,0,0,0,0,0.004950245,0,0,0,0
"117",0,0,0,0,0,0,0,0,0,0,0,0,0,0,0,0,0,0,0,0,0,0,0,0,0,0,0,0,0,0,0,0,0,0,0,0,0,0,0,0,0,0,0,0,0,0,0,0,0,0,0,0,0,0,0,0
"118",0,0,0,0,0,0,0,0,0,0,0,0,0,0,0,0,0,0,0,0.7547,0,0,0,0,0,0,0,0,0,0,0,0,0,0,0,0,0,0,0,0,0,0,0,0,0,0,0,0,0,0,0,0,0,0.0047,0,0
"119",0,0,0,0,0,0,0,0,0,0,0,0,0,0,0,0,0,0,0,0.8910109,0,0,0,0,0,0,0,0,0,0,0,0,0,0,0,0,0,0,0,0,0,0,0,0,0,0,0,0,0,0,0,0,0,0,0,0
"120",0,0,0,0,0,0,0,0,0,0,0,0,0,0,0,0,0,0,0,0.2940995,0,0,0,0,0.004899991,0,0,0,0,0,0,0,0,0,0,0,0,0,0,0,0,0,0,0,0,0,0,0,0,0,0,0.004901952,0,0,0,0
"121",0,0,0,0,0,0,0,0,0,0,0,0,0,0,0,0,0,0,0,0,0,0,0,0,0,0,0,0,0,0.8910109,0,0,0,0,0,0,0,0,0,0,0,0,0,0,0.0049995,0,0,0,0,0,0,0,0,0,0,0
"122",0,0,0,0,0,0,0,0,0,0,0,0,0,0,0,0,0,0,0,0.2586232,0,0,0,0,0,0,0,0,0,0.6034541,0,0,0,0,0,0,0,0,0,0,0,0,0,0,0,0,0,0,0,0,0,0.004310731,0,0,0,0
"123",0,0,0,0,0,0,0,0,0,0,0,0,0,0,0,0,0,0,0,0.1660031,0,0,0,0,0,0,0,0,0,0.5809109,0,0,0,0,0,0,0,0,0,0,0,0,0,0,0,0.004100076,0,0,0,0,0,0.1244836,0,0,0,0
"124",0,0,0,0,0,0,0,0,0,0,0,0,0,0,0,0,0,0,0,0.5660565,0,0,0,0,0,0,0,0,0,0.2830283,0,0,0,0,0,0,0,0,0,0,0,0,0,0,0,0,0,0,0,0,0,0,0,0,0,0
"125",0,0,0,0,0,0,0,0,0,0,0,0,0,0,0,0,0,0,0,0,0,0,0,0,0,0,0,0,0,0.792013,0,0,0,0,0,0,0,0,0,0,0,0,0,0,0.004999451,0,0,0,0,0,0,0.09899902,0,0,0,0
"126",0,0,0,0.08929108,0,0,0,0,0,0,0,0,0,0,0,0,0,0,0,0.1338866,0,0,0,0,0,0,0,0,0,0.6249375,0,0,0,0,0,0,0,0,0,0,0,0.00449955,0.00449955,0,0,0,0,0,0,0,0,0,0,0,0.00449955,0
"127",0,0,0,0.004699759,0,0.004699759,0.004699759,0,0.1394929,0,0,0,0,0,0,0,0,0,0,0.04649762,0,0,0,0,0,0,0,0,0,0.5580714,0,0,0,0,0,0,0,0,0,0,0,0.004699759,0,0,0,0,0,0,0,0,0,0.004650925,0,0,0,0
"128",0,0,0,0,0,0.08620861,0,0,0,0,0,0,0,0.00430043,0,0,0,0,0,0.1724172,0,0,0,0,0,0,0,0,0,0.6034603,0,0,0,0,0,0,0,0,0,0,0,0,0,0,0,0,0,0,0,0,0,0,0,0,0,0
"129",0,0,0,0.004701695,0.004701695,0.004701695,0.004701695,0,0,0,0,0,0,0.004701695,0,0,0,0,0,0.004701695,0,0,0,0,0,0,0,0,0,0.5689052,0.004701695,0,0,0,0,0,0,0,0,0,0,0.004701695,0,0,0,0,0,0,0,0,0,0.004741047,0.004701695,0,0.004701695,0
"130",0,0,0,0,0,0,0.00409959,0,0,0,0,0,0,0.00409959,0,0,0,0,0,0.1632837,0,0,0,0,0,0,0,0,0,0.6530346,0.00409959,0,0,0,0,0,0,0,0,0,0,0.00409959,0,0,0,0,0,0,0,0,0,0,0,0,0.00409959,0
"131",0,0,0,0,0,0.08548291,0,0,0,0,0,0,0,0.004299141,0,0,0,0,0,0.1281744,0,0,0,0,0,0,0,0,0,0.4273146,0,0,0,0,0,0,0,0,0,0,0,0,0,0,0,0,0,0,0,0,0,0,0,0,0.004299141,0
"132",0,0,0,0,0,0,0,0,0,0,0,0,0,0,0,0,0,0,0,0.3436343,0,0,0,0,0,0,0,0,0,0.5498549,0,0,0,0,0,0,0,0,0,0,0,0,0,0,0,0,0,0,0,0,0,0,0,0,0,0
"133",0,0,0,0,0,0,0,0,0,0,0,0,0,0.0041,0,0,0,0,0,0.1646,0,0,0,0,0,0,0,0,0,0.6583999,0.0041,0,0,0,0,0,0,0,0,0,0,0,0,0,0,0,0,0,0,0,0,0,0,0,0,0
"134",0,0,0,0.0049995,0.0049995,0,0,0,0,0,0,0,0,0,0,0,0,0,0,0,0,0,0,0,0,0,0,0,0,0.7920209,0,0,0,0,0,0,0,0,0,0,0,0,0,0,0,0,0,0,0,0,0,0,0,0,0,0
"135",0,0,0,0,0,0,0,0,0,0,0,0,0,0,0,0,0,0,0,0.2608762,0,0,0,0,0,0,0,0,0,0.3477682,0,0,0,0,0,0,0,0,0,0,0,0,0,0,0,0,0,0,0,0,0,0.2173715,0,0,0,0
"136",0,0,0,0,0,0,0,0,0,0,0,0,0,0,0,0,0,0,0,0.2299165,0,0,0,0,0,0,0,0,0,0.6130439,0,0,0,0,0,0,0,0,0,0,0,0,0,0,0,0,0,0,0,0,0,0.07663384,0,0,0,0
"137",0,0,0,0,0,0,0,0,0,0,0,0,0,0,0,0,0,0,0,0.2963187,0,0,0,0,0,0,0,0,0,0.555635,0,0,0,0,0,0,0,0,0,0,0,0,0,0,0,0,0,0,0,0,0,0.03703937,0,0,0,0
"138",0,0,0,0,0,0,0,0,0,0,0,0,0,0,0,0.2390142,0,0,0,0,0,0,0,0,0,0,0,0,0,0.6375379,0,0,0,0,0,0,0,0,0,0,0,0,0,0,0,0,0,0,0,0,0,0.03984301,0,0,0,0
"139",0,0,0,0,0,0,0,0,0,0,0.003600465,0,0,0,0,0,0,0,0,0.1825236,0.003600465,0,0,0,0,0,0,0.07300943,0,0.1825236,0,0,0,0,0,0,0,0,0,0,0,0,0,0,0,0,0,0,0,0,0,0.2920085,0,0,0.03650472,0.003600465
"140",0,0,0,0.004900362,0.004900362,0,0,0,0,0,0,0,0,0,0,0,0,0,0,0.1970146,0,0,0,0,0,0,0,0,0,0,0,0,0,0,0,0,0,0,0,0,0,0,0,0,0,0,0,0,0,0,0,0.004926472,0,0,0,0
"141",0,0,0,0,0,0,0,0,0,0,0,0,0,0,0,0,0,0,0,0.7792,0.0043,0,0,0,0,0,0,0,0,0,0,0,0,0,0,0,0,0,0,0,0,0,0,0,0,0,0,0,0,0,0,0,0,0,0,0
"142",0,0,0,0,0,0,0,0,0,0,0,0,0,0,0,0,0,0,0,0.7469,0,0,0,0,0,0,0,0,0,0,0,0,0,0,0,0,0,0,0,0,0,0,0,0,0,0,0,0,0,0,0,0,0,0,0,0
"143",0,0,0,0,0,0,0,0,0,0,0,0,0,0,0,0,0,0,0,0.75,0,0,0,0,0,0,0,0,0,0,0,0,0,0,0,0,0,0,0,0,0,0,0,0,0,0,0,0,0,0,0,0,0,0,0,0
"144",0,0,0,0,0,0,0,0,0,0,0,0,0,0,0,0,0,0,0,0.6,0,0,0,0,0,0,0,0,0,0,0,0,0,0,0,0,0,0,0,0,0,0,0,0,0,0,0,0,0,0,0,0,0,0,0,0
"145",0,0,0,0,0,0,0,0,0,0,0,0,0,0,0,0,0,0,0,0.005,0,0,0,0,0,0,0,0,0,0,0,0,0,0,0,0,0,0,0,0,0,0,0,0,0,0,0,0,0,0,0,0,0,0,0,0
"146",0,0,0,0,0,0,0,0,0,0,0,0,0,0,0,0,0,0,0,0.2727124,0,0,0,0,0,0,0,0,0,0,0,0,0,0,0,0,0,0,0,0,0,0,0,0,0,0,0,0,0,0,0,0.04545662,0,0,0,0
"147",0,0,0,0,0,0,0,0,0,0,0,0,0,0,0,0.0474,0,0,0,0,0,0,0,0,0,0,0,0,0,0,0,0,0,0,0,0,0,0,0,0,0,0,0,0,0,0,0,0,0,0,0,0,0,0,0,0
"148",0,0,0,0,0,0,0,0,0,0,0,0,0,0,0,0,0,0,0,0.4525,0,0,0,0,0,0,0,0,0,0,0.0045,0,0,0,0,0,0,0,0,0,0,0,0,0,0,0,0,0,0,0,0,0,0,0,0,0
"149",0,0,0,0,0,0,0,0,0,0,0,0,0,0,0,0,0,0,0,0.6493163,0,0,0,0,0,0,0,0,0,0,0,0,0,0,0,0,0,0,0,0,0,0,0,0,0,0,0,0,0,0,0,0.004328446,0,0,0,0
"150",0,0,0,0,0,0,0,0,0,0,0,0,0,0,0,0,0,0,0,0.724,0,0,0,0,0,0,0,0,0,0,0,0,0,0,0,0,0,0,0,0,0,0,0,0,0,0,0,0,0,0,0,0,0,0,0,0
"151",0,0,0,0,0,0,0,0,0,0,0,0,0,0,0,0,0,0,0,0.6363364,0,0,0,0,0,0,0,0,0,0,0,0,0,0,0,0,0,0,0,0,0,0,0,0,0,0,0,0,0,0,0,0,0,0,0,0
"152",0,0,0,0,0,0,0,0,0,0,0,0,0,0,0,0,0,0.1185763,0,0.3952209,0,0.0039992,0,0,0,0,0,0,0,0,0,0,0,0,0,0,0,0,0,0,0,0,0,0,0,0,0,0,0,0,0,0,0.0039992,0,0,0
"153",0,0,0,0,0,0,0,0,0,0,0,0,0,0,0,0,0,0,0,0.0049995,0,0,0,0,0,0,0,0,0,0,0,0,0,0,0,0,0,0,0,0,0,0,0,0,0,0,0,0,0,0,0,0,0,0,0,0
"154",0,0,0,0,0,0,0,0,0,0,0,0,0,0,0,0,0,0.1991801,0,0,0,0,0,0,0,0,0,0,0,0,0,0,0,0,0,0,0,0,0,0,0,0.0039996,0,0,0,0,0,0,0,0,0,0,0,0,0,0
"155",0,0,0,0,0,0,0,0,0,0,0,0,0,0,0,0,0,0,0,0,0,0,0,0,0,0,0,0,0,0,0,0,0,0,0,0,0,0,0,0,0,0,0,0,0,0,0,0,0,0,0,0,0,0,0,0
"156",0,0,0,0,0,0,0,0,0,0,0,0,0,0,0,0,0,0,0,0.0049995,0,0,0,0,0,0,0,0,0,0,0,0,0,0,0,0,0,0,0,0,0,0,0,0,0,0,0,0,0,0,0,0,0,0,0,0
"157",0,0,0,0,0,0,0,0,0,0,0,0,0,0,0,0,0.004900001,0,0,0,0,0,0,0,0,0,0,0,0,0,0,0,0,0,0,0,0,0,0,0,0,0,0,0,0.004900001,0,0,0,0,0,0,0,0,0.004900001,0,0
"158",0,0,0,0,0,0,0,0,0,0,0,0,0,0,0,0,0,0,0,0.0474,0,0,0,0,0,0,0,0,0,0,0,0,0,0,0,0,0,0,0,0,0,0,0,0,0,0,0,0,0,0,0,0,0,0,0,0
"159",0,0,0,0,0,0,0,0,0,0,0,0,0,0,0,0,0.004700494,0,0,0.04690493,0,0,0,0,0,0,0,0,0,0.004700494,0,0,0,0,0,0,0,0,0,0,0,0,0,0,0,0,0,0,0,0,0,0.00469533,0,0,0,0
"160",0,0,0,0,0,0,0,0,0,0,0,0,0,0,0,0,0,0,0,0.4545,0,0,0,0,0,0,0,0,0,0,0,0,0,0,0,0,0,0,0,0,0,0,0,0,0,0,0,0,0,0,0,0,0,0,0,0
"161",0,0,0,0,0,0,0,0,0,0,0,0,0,0,0,0,0,0,0,0.05,0,0,0,0,0,0,0,0,0,0.6,0,0,0,0,0,0,0,0,0,0,0,0,0,0,0,0,0,0,0,0,0,0.05,0,0,0,0
"162",0,0,0,0,0,0,0,0,0,0,0,0,0,0,0,0,0,0,0,0.000499425,0.000499425,0,0,0,0,0,0,0,0,0.7990811,0,0,0,0,0,0,0,0,0,0,0,0,0,0,0,0,0,0,0,0,0,0.04994257,0,0,0,0
"163",0,0,0,0,0,0,0,0,0,0,0,0,0,0,0,0,0,0,0,0.0004994,0,0,0,0,0,0,0,0,0,0.7990412,0,0,0,0,0,0,0,0,0,0,0,0,0,0,0,0,0,0,0,0,0,0,0,0.0004994,0,0
"164",0,0,0,0,0,0,0,0,0,0,0,0,0,0,0,0,0,0,0,0.000499675,0,0,0,0,0,0,0,0,0,0.6995453,0,0,0,0,0,0,0,0,0,0,0,0,0,0,0,0,0,0,0,0,0,0,0,0,0,0
"165",0,0,0,0,0,0.00049945,0,0,0,0,0,0,0,0,0,0,0,0,0,0,0,0,0,0,0,0,0,0,0,0.899011,0,0,0,0,0,0,0,0,0,0,0,0,0,0,0,0,0,0,0,0,0,0.00049945,0,0,0,0
"166",0,0,0,0.05,0,0,0,0,0,0,0,0,0,0,0,0,0,0,0,0,0,0,0,0,0,0,0,0,0,0.7,0,0,0,0,0,0,0,0,0,0,0,0,0,0,0,0,0,0,0,0,0,0.1,0,0,0,0
"167",0,0,0,0,0,0,0,0,0,0,0,0,0,0,0,0,0,0,0,0.000472557,0,0,0,0,0,0,0,0,0,0.5670675,0,0,0,0,0,0,0,0,0,0,0,0,0,0,0,0,0,0,0,0,0,0.2835338,0,0,0,0
"168",0,0,0,0,0,0,0,0,0,0,0,0,0,0,0,0,0,0,0,0,0,0,0,0,0,0,0,0,0,0.8403361,0,0,0,0,0,0,0,0,0,0,0,0,0,0,0,0,0,0,0,0,0,0,0,0,0,0
"169",0,0,0,0,0,0,0,0,0,0,0,0,0,0,0,0,0,0,0,0.0004997,0,0,0,0,0,0,0,0,0,0.7995203,0,0,0,0,0,0,0,0,0,0,0,0,0,0,0,0,0,0,0,0,0,0,0,0,0,0
"170",0,0,0,0,0,0,0,0,0,0,0,0,0,0,0,0,0,0,0,0,0,0,0,0,0,0,0,0,0,0.79992,0,0,0,0,0,0,0,0,0,0,0,0,0,0,0,0,0,0,0,0,0,0,0,0,0,0
"171",0,0,0,0,0,0,0,0,0,0,0,0,0,0,0,0,0,0,0,0,0,0,0,0,0,0,0,0,0,0.8994603,0,0,0,0,0,0,0,0,0,0,0,0,0,0,0,0,0,0,0,0,0,0,0.0004997,0,0,0
"172",0,0,0,0,0,0,0,0,0,0,0,0,0,0,0,0,0,0,0,0,0,0,0,0,0,0,0,0,0,0.9,0,0,0,0,0,0,0,0,0,0,0,0,0,0,0,0,0,0,0,0,0,0,0,0,0,0
"173",0,0,0,0,0,0,0,0.0004997,0,0,0,0,0,0,0,0,0,0,0,0,0,0,0,0,0,0,0,0,0,0.7995203,0,0,0,0,0,0,0,0,0,0,0,0,0,0,0,0,0,0,0,0,0,0.09994003,0,0,0,0
"174",0,0,0,0,0,0,0,0,0,0,0,0,0,0,0,0,0,0,0,0,0,0,0,0,0,0,0,0,0,1,0,0,0,0,0,0,0,0,0,0,0,0,0,0,0,0,0,0,0,0,0,0,0,0,0,0
"175",0,0,0,0,0,0,0,0,0,0,0,0,0,0,0,0,0,0,0,0,0,0,0,0,0,0,0,0,0,0.9501188,0,0,0,0,0,0,0,0,0,0,0,0,0,0,0,0,0,0,0,0,0,0,0,0,0,0
"176",0,0,0,0,0,0,0,0,0,0,0,0,0,0,0,0,0,0,0,0,0,0,0,0,0,0,0,0,0,0.899955,0,0,0,0,0,0,0,0,0,0,0,0,0,0,0,0,0,0,0,0,0,0,0,0,0,0
"177",0,0,0,0,0,0,0,0,0,0,0,0,0,0,0,0,0,0,0,0,0,0,0,0,0,0,0,0,0,1,0,0,0,0,0,0,0,0,0,0,0,0,0,0,0,0,0,0,0,0,0,0,0,0,0,0
"178",0,0,0,0,0,0,0,0,0,0,0,0,0,0,0,0,0,0,0,0,0,0,0,0,0,0,0,0,0,0.899955,0,0,0,0,0,0,0,0,0,0,0,0,0,0,0,0,0,0,0,0,0,0,0,0,0,0
"179",0,0,0,0,0,0,0,0,0,0,0,0,0,0,0,0,0,0,0,0,0,0,0,0,0,0,0,0,0,0.8994603,0,0,0,0,0,0,0,0,0,0,0,0,0,0,0,0,0,0,0,0,0,0.0004997,0,0,0,0
"180",0,0,0,0,0,0,0,0,0,0,0,0,0,0,0,0,0,0,0,0,0,0,0,0,0,0,0,0,0,1,0,0,0,0,0,0,0,0,0,0,0,0,0,0,0,0,0,0,0,0,0,0,0,0,0,0
"181",0,0,0,0,0,0,0,0,0,0,0,0,0,0,0,0,0.00049975,0,0,0.9995002,0,0,0,0,0,0,0,0,0,0,0,0,0,0,0,0,0,0,0,0,0,0,0,0,0,0,0,0,0,0,0,0,0,0,0,0
"182",0,0,0,0,0,0,0,0,0,0,0,0,0,0,0,0,0,0,0,1,0,0,0,0,0,0,0,0,0,0,0,0,0,0,0,0,0,0,0,0,0,0,0,0,0,0,0,0,0,0,0,0,0,0,0,0
"183",0,0,0,0,0,0,0,0,0,0,0,0,0,0,0,0,0,0,0,0.7,0,0,0,0,0,0,0,0,0,0,0,0,0,0,0,0,0,0,0,0,0,0,0,0,0,0,0,0,0,0,0,0.3,0,0,0,0
"184",0,0,0,0,0,0,0,0,0,0,0,0,0,0,0,0,0,0,0,0.5,0,0,0,0,0,0,0,0,0,0,0,0,0,0,0,0,0,0,0,0,0,0,0,0,0,0,0,0,0,0,0,0.3,0.05,0,0,0
"185",0,0,0,0,0,0,0,0,0,0,0,0,0,0,0,0,0,0,0,0,0,0,0,0,0,0,0,0,0,0,0,0,0,0,0,0,0,0,0,0,0,0,0,0,0,0,0,0,0,0,0,0.299895,0,0,0,0
"186",0,0,0,0,0,0,0,0,0,0,0,0,0,0,0,0,0,0,0,0.0004997,0,0,0,0,0.1998801,0,0,0,0,0,0,0,0,0,0,0,0,0,0,0,0,0,0,0,0,0,0,0,0,0,0,0.5996403,0,0,0,0
"187",0,0,0,0,0,0,0,0,0,0,0,0,0,0,0,0,0,0,0,1,0,0,0,0,0,0,0,0,0,0,0,0,0,0,0,0,0,0,0,0,0,0,0,0,0,0,0,0,0,0,0,0,0,0,0,0
"188",0,0,0,0,0,0,0,0,0,0,0,0,0,0,0,0,0,0,0,0.8995053,0,0,0,0,0,0,0,0,0,0,0,0,0,0,0,0,0,0,0,0,0,0,0,0,0,0,0,0,0,0,0,0.000499725,0,0,0,0
"189",0,0,0,0,0,0,0,0,0,0,0,0,0,0,0,0,0,0,0,0.8991009,0,0,0,0,0,0,0,0,0.000499501,0.000499501,0,0,0,0,0,0,0,0,0,0,0,0,0,0,0,0,0,0,0.04995005,0,0,0.04995005,0,0,0,0
"190",0,0,0,0,0,0,0,0,0,0,0,0,0,0,0,0,0.1499176,0,0,0.6996152,0,0,0,0,0,0,0,0,0,0.000499725,0,0,0,0,0,0,0,0,0,0,0,0.09994504,0,0,0,0,0,0,0,0,0,0,0,0,0,0
"191",0,0,0,0,0,0,0,0,0,0,0,0,0,0,0,0,0.0499975,0,0,0.59997,0,0,0,0,0,0,0,0,0,0,0,0,0,0,0,0,0,0,0,0,0,0,0,0,0,0,0,0,0,0,0,0.2499875,0,0,0,0
"192",0,0,0,0,0,0,0,0,0,0,0,0,0,0,0,0,0,0,0,0.6999825,0,0,0,0,0,0,0,0,0,0,0,0,0,0,0,0,0,0,0,0,0,0,0,0,0,0,0,0,0,0,0,0.2499937,0,0,0,0
"193",0,0,0,0,0,0,0,0,0,0,0,0,0,0,0,0,0,0,0,0.000499563,0,0,0,0,0,0,0,0,0,0.2997378,0,0,0,0,0,0,0,0,0,0,0,0.04995629,0,0,0,0,0,0,0,0,0,0.3996503,0,0,0,0
"194",0,0,0,0,0,0,0,0,0,0,0,0,0,0,0,0,0,0,0,0.899955,0,0,0,0,0,0,0,0,0,0,0,0,0,0,0,0,0,0,0,0,0,0,0,0,0,0,0,0,0,0,0,0,0,0,0,0
"195",0,0,0,0,0,0,0,0,0,0,0,0,0,0,0,0,0,0,0,0.1421801,0,0,0,0,0,0,0.7582938,0,0,0,0,0,0,0,0,0,0,0,0,0,0,0,0,0,0,0,0,0,0,0,0,0,0,0,0,0
"196",0,0,0,0,0,0,0,0,0,0,0,0,0,0,0,0,0,0,0,0,0,0,0,0,0,0,0,0,0,0,0,0,0,0,0,0,0,0,0.000499089,0,0,0,0,0,0,0,0,0,0.000499089,0,0,0.3992714,0,0.04990892,0,0
"197",0,0,0,0,0,0,0,0,0,0,0,0,0,0,0,0,0,0,0,0.39996,0,0,0,0,0,0,0,0,0,0,0,0,0,0,0,0,0,0,0,0,0,0,0,0,0,0,0,0,0,0,0,0.39996,0,0,0,0
"198",0,0,0,0,0,0,0,0,0,0,0,0,0,0,0,0,0,0,0,0.79998,0,0,0,0,0,0,0,0,0,0,0,0,0,0,0,0,0,0,0,0,0,0,0,0,0,0,0,0,0,0,0,0.1499963,0,0,0,0
"199",0,0,0,0,0,0,0,0,0,0,0,0,0,0,0,0,0,0,0,0.899955,0,0,0,0,0,0,0,0,0,0,0,0,0,0,0,0,0,0,0,0,0,0,0,0,0,0,0,0,0,0,0,0.0499975,0,0,0,0
"200",0,0,0,0,0,0,0,0,0,0,0,0,0,0,0,0,0,0,0,0.6993007,0,0,0,0.000499501,0,0,0,0,0,0,0,0,0.000499501,0,0,0,0,0,0,0,0,0,0,0,0,0,0,0,0.04995005,0,0,0.2497503,0,0,0,0
"201",0,0,0,0.000498703,0,0.04987034,0.000498703,0,0,0,0,0,0,0.04987034,0,0,0,0,0,0.000498703,0,0,0,0,0,0,0,0,0,0.4987034,0.04987034,0,0,0,0,0,0,0,0,0.000498703,0,0,0,0,0,0,0,0,0,0,0,0.04987034,0,0,0,0
"202",0,0,0,0,0,0,0.000499176,0,0,0,0,0,0,0.000499176,0,0,0,0,0,0.09983528,0,0,0,0,0,0,0,0,0,0.7986822,0.000499176,0,0,0,0,0,0,0,0,0,0,0,0,0,0,0,0,0,0,0,0,0,0,0,0,0
"203",0,0,0,0,0,0.000499713,0,0,0,0,0,0,0,0,0,0,0,0,0,0.04997126,0,0,0,0,0,0,0,0,0,0.7995402,0,0,0,0,0,0,0,0,0,0,0,0,0,0,0,0,0,0,0,0,0,0,0,0,0,0
"204",0,0,0,0,0,0,0,0,0,0,0,0,0,0,0,0,0,0,0,0.04997252,0,0,0,0,0,0,0,0,0,0.8995053,0.000499725,0,0,0,0,0,0,0,0,0,0,0,0,0,0,0,0,0,0,0,0,0,0,0,0,0
"205",0,0,0,0,0,0,0,0,0,0,0,0,0,0.000499002,0,0,0,0,0,0.000499002,0,0,0,0,0,0,0,0,0,0.998004,0.000499002,0,0,0,0,0,0,0,0,0,0,0,0,0,0,0,0,0,0,0,0,0.000499002,0,0,0,0
"206",0,0,0,0.000499002,0,0,0,0,0,0,0,0,0.000499002,0,0,0,0,0,0,0.000499002,0,0.000499002,0,0,0,0,0,0,0,0.998004,0,0,0,0,0,0,0,0,0,0,0,0,0,0,0,0,0,0,0,0,0,0,0,0,0,0
"207",0,0,0,0,0,0,0,0,0,0,0,0,0,0,0,0,0,0,0,0.25,0,0,0,0,0,0,0,0,0,0.7,0,0,0,0,0,0,0,0,0,0,0,0,0,0,0,0,0,0,0,0,0,0.05,0,0,0,0
"208",0,0,0,0,0,0,0,0,0,0,0,0,0,0,0,0,0,0,0,0.04997252,0,0,0,0,0,0,0,0,0,0.8995053,0,0,0,0,0,0,0,0,0,0,0,0,0,0,0,0,0,0,0,0,0,0.000499725,0,0,0,0
"209",0,0,0,0,0,0,0,0,0,0,0,0,0,0,0,0,0,0,0,0.000499501,0,0,0,0,0,0,0,0,0,0.999001,0,0,0,0,0,0,0,0,0,0,0,0,0,0,0,0,0,0,0,0,0,0.000499501,0,0,0,0
"210",0,0,0,0,0,0,0,0,0,0,0,0,0,0,0,0,0,0,0,0,0,0,0,0,0,0,0,0,0,0.9995003,0,0,0,0,0,0,0,0,0,0,0,0,0,0,0.00049975,0,0,0,0,0,0,0,0,0,0,0
"211",0,0,0,0,0,0,0,0,0,0,0,0,0,0,0,0,0,0,0,0.000474575,0,0,0,0,0,0,0,0,0,0.9491493,0,0,0,0,0,0,0,0,0,0,0,0,0,0,0,0,0,0,0,0,0,0.000474575,0,0,0,0
"212",0,0,0,0,0,0,0,0,0,0,0,0,0,0,0,0,0,0,0,0.000499501,0,0,0,0,0,0,0,0,0,0.999001,0,0,0,0,0,0,0,0,0,0,0,0,0,0,0,0,0,0,0,0,0,0.000499501,0,0,0,0
"213",0,0,0,0,0,0,0,0,0,0,0,0,0,0,0,0,0,0,0,0.04997252,0,0,0,0,0,0,0,0,0,0.8995053,0,0,0,0,0,0,0,0,0,0,0,0,0,0,0,0,0,0,0,0,0,0.000499725,0,0,0,0
"214",0,0,0,0,0,0,0,0,0,0,0,0,0,0,0,0,0,0,0,0.04761905,0,0,0,0,0,0,0,0,0,0.952381,0,0,0,0,0,0,0,0,0,0,0,0,0,0,0,0,0,0,0,0,0,0,0,0,0,0
"215",0,0,0,0,0,0,0,0,0,0,0,0,0,0,0,0,0,0,0,0.00049975,0,0,0,0,0,0,0,0,0,0.9995003,0,0,0,0,0,0,0,0,0,0,0,0,0,0,0,0,0,0,0,0,0,0,0,0,0,0
"216",0,0,0,0.04994506,0,0,0,0,0,0,0,0,0,0,0,0,0,0,0,0.04994506,0,0,0,0,0,0,0,0,0,0.799121,0,0,0,0,0,0,0,0,0,0.00049945,0,0,0,0,0.00049945,0,0,0,0,0,0,0,0,0,0,0
"217",0,0,0,0.000498903,0,0.000498903,0,0,0.09978048,0,0,0,0,0,0,0,0,0,0,0.000498903,0,0,0,0,0,0,0,0,0,0.7982438,0,0,0,0,0,0,0,0,0,0,0,0,0,0,0,0,0,0,0,0,0,0.000498903,0,0,0,0
"218",0,0,0,0,0,0.05276905,0,0,0,0,0,0,0,0,0,0,0,0,0,0.05276905,0,0,0,0,0,0,0,0,0,0.8443049,0,0,0,0,0,0,0,0,0,0,0,0,0,0,0,0,0,0,0,0,0,0,0,0,0,0
"219",0,0,0,0.0004996,0,0,0,0,0,0,0,0,0,0,0,0,0,0,0,0.09992006,0,0,0,0,0,0,0,0,0,0.09992006,0,0,0,0,0,0,0,0,0,0,0,0,0,0,0,0,0,0,0,0,0,0.1998401,0,0,0,0
"220",0,0,0,0,0,0,0,0,0,0,0,0,0,0,0,0,0,0,0,0.9496225,0.000474811,0,0,0,0,0,0,0,0,0,0,0,0,0,0,0,0,0,0,0,0,0,0,0,0,0,0,0,0,0,0,0,0,0,0,0
"221",0,0,0,0,0,0,0,0,0,0,0,0,0,0,0,0,0,0,0,0.899955,0,0,0,0,0,0,0,0,0,0,0,0,0,0,0,0,0,0,0,0,0,0,0,0,0,0,0,0,0,0,0,0,0,0,0,0
"222",0,0,0,0,0,0,0,0,0,0,0,0,0,0,0,0,0,0,0,0.899955,0,0,0,0,0,0,0,0,0,0,0,0,0,0,0,0,0,0,0,0,0,0,0,0,0,0,0,0,0,0,0,0,0,0,0,0
"223",0,0,0,0,0,0,0,0,0,0,0,0,0,0,0,0,0,0,0,0.899955,0,0,0,0,0,0,0,0,0,0,0,0,0,0,0,0,0,0,0,0,0,0,0,0,0,0,0,0,0,0,0,0,0,0,0,0
"224",0,0,0,0,0,0,0,0,0,0,0,0,0,0,0,0,0,0,0,0.0004995,0,0,0,0,0,0,0,0,0,0,0,0,0,0,0,0,0,0,0,0,0,0,0,0,0,0,0,0,0,0,0,0,0,0,0,0
"225",0,0,0,0,0,0,0,0,0,0,0,0,0,0,0,0,0,0,0,0.09514748,0,0,0,0,0,0,0,0,0,0,0,0,0,0,0,0,0,0,0,0,0,0,0,0,0,0,0,0,0,0,0,0.2854424,0,0,0,0
"226",0,0,0,0,0,0,0,0,0,0,0,0,0,0,0,0,0,0,0,0.04742213,0,0,0,0,0,0,0,0,0,0,0,0,0,0,0,0,0,0,0.04742213,0,0,0,0,0,0,0,0,0,0,0,0,0,0,0.04742213,0.000474221,0
"227",0,0,0,0,0,0,0,0,0,0,0,0,0,0,0,0,0,0,0,0.666546,0,0,0,0,0,0,0,0,0,0,0.000476104,0,0,0,0,0,0,0,0,0,0,0,0,0,0,0,0,0,0,0,0,0.1428313,0,0,0,0
"228",0,0,0,0,0,0,0,0,0,0,0,0,0,0,0,0,0,0,0,0.69993,0,0,0,0,0,0,0,0,0,0,0,0,0,0,0,0,0,0,0,0,0,0,0,0,0,0,0,0,0,0,0,0.09999,0,0,0,0
"229",0,0,0,0,0,0,0,0,0,0,0,0,0,0,0,0,0,0,0,0.699895,0,0,0,0,0,0,0,0,0,0,0,0,0,0,0,0,0,0,0,0,0,0,0,0,0,0,0,0,0,0,0,0,0,0,0,0
"230",0,0,0,0,0,0,0,0,0,0,0,0,0,0,0,0,0,0,0,0.899955,0,0,0,0,0,0,0,0,0,0,0,0,0,0,0,0,0,0,0,0,0,0,0,0,0,0,0,0,0,0,0,0,0,0,0,0
"231",0,0,0,0,0,0,0,0,0,0,0,0,0,0,0,0,0,0,0,0.2496131,0,0.000499226,0,0,0,0,0,0,0,0,0.000499226,0,0,0,0,0,0,0,0,0,0,0.1497679,0,0,0,0,0,0,0,0,0,0,0,0.04992262,0,0
"232",0,0,0,0,0,0,0,0,0,0,0,0,0,0,0,0,0,0,0,0,0,0,0,0,0,0,0,0,0,0,0,0,0,0,0,0,0,0,0,0,0,0,0,0,0.0477327,0,0,0,0,0,0,0,0,0,0,0
"233",0,0,0,0,0,0,0,0,0,0,0,0,0.05,0,0,0,0,0,0,0.3,0,0,0,0,0,0,0,0,0,0,0,0,0,0,0,0,0,0,0,0,0,0.4,0,0,0,0,0,0,0,0,0,0,0,0,0,0
"234",0,0,0,0,0,0,0,0,0,0,0,0,0,0,0,0,0,0,0,0,0,0,0,0,0,0,0,0,0,0,0,0,0,0,0,0,0,0,0,0,0,0,0,0,0,0,0,0,0,0,0,0,0,0,0.5,0
"235",0,0,0,0,0,0,0,0,0,0,0,0,0,0,0,0,0,0,0,0,0,0,0,0,0,0,0,0,0,0.04725898,0,0,0,0,0,0,0,0,0,0,0,0,0,0,0,0,0,0,0,0,0,0,0,0,0,0
"236",0,0,0,0,0,0,0,0,0,0,0,0,0,0,0,0,0.000524398,0,0,0,0,0,0,0,0,0,0,0,0,0,0,0,0,0,0,0,0,0,0,0,0,0,0,0,0,0,0,0,0,0,0,0.05243976,0,0,0,0
"237",0,0,0,0,0,0,0,0,0,0,0,0,0,0,0,0,0,0,0,0.04721436,0,0,0,0,0,0,0,0,0,0,0,0,0,0,0,0,0,0,0,0,0,0,0,0,0,0,0,0,0,0,0,0,0,0,0.3777148,0
"238",0,0,0,0,0,0,0,0,0,0,0,0,0,0,0,0,0.000498877,0,0,0.09977549,0,0,0,0,0,0,0,0,0,0.399102,0,0,0,0,0,0,0,0,0,0,0,0,0,0,0.000498877,0,0,0,0,0,0,0.000498877,0,0,0,0
"239",0,0,0,0,0,0,0,0,0,0,0,0,0,0,0,0,0,0,0,0.3,0,0,0,0,0,0,0,0,0,0,0,0,0,0,0,0,0,0,0,0,0,0,0,0,0,0,0,0,0,0,0,0,0,0,0,0
"240",0,0,0,0,0,0,0,0,0,0,0,0,0,0,0,0.000499501,0,0,0,0.2497502,0,0,0,0,0,0,0,0,0,0.5994006,0,0,0,0,0,0,0,0,0,0,0,0,0,0,0,0,0,0,0,0,0,0.04995005,0,0.000499501,0,0
"241",0,0,0,0,0,0,0,0,0,0,0,0,0,0,0,0.01009591,0,0,0,0.01009591,0,0,0,0,0,0,0,0,0,0.7067137,0,0,0,0,0,0,0,0,0,0,0,0,0,0,0,0,0,0,0,0.000504796,0,0.01009591,0,0.01009591,0,0
"242",0,0,0,0,0,0,0,0,0,0,0,0,0,0,0,0,0,0,0,0.009799118,0,0,0,0,0,0,0,0,0,0.7839294,0,0,0,0,0,0,0,0,0.000489956,0,0,0,0,0,0,0,0,0,0,0,0,0,0,0.009799118,0,0
"243",0,0,0,0,0,0,0,0,0,0,0,0,0,0,0,0,0,0,0,0.04950495,0,0,0,0,0,0,0,0,0,0.6930693,0,0,0,0,0,0,0,0,0,0,0,0,0,0,0,0,0,0,0,0,0,0,0,0.00990099,0,0
"244",0,0,0,0,0,0.000549149,0,0,0,0,0,0,0,0,0,0,0,0,0,0,0,0,0,0,0,0,0,0,0,0.6589786,0,0,0,0,0,0,0,0,0,0,0,0,0,0,0,0,0,0,0,0,0,0.01098298,0,0,0,0
"245",0,0,0,0.05,0,0,0,0,0,0,0,0,0,0,0,0,0,0,0,0.05,0,0,0,0,0,0,0,0,0,0.6,0,0,0,0,0,0,0,0,0,0,0,0,0,0,0,0,0,0,0,0,0,0.2,0,0,0,0
"246",0,0,0,0,0,0,0,0,0,0,0,0,0,0,0,0,0,0,0,0.00049975,0,0,0,0,0,0,0,0,0,0.3998001,0,0,0,0,0,0,0,0,0,0,0,0,0,0,0,0,0,0,0,0,0,0.149925,0,0,0,0
"247",0,0,0,0,0,0,0,0,0,0,0,0,0,0,0,0,0,0,0,0,0,0,0,0,0,0,0,0,0,0.7,0,0,0,0,0,0,0,0,0,0,0,0,0,0,0,0,0,0,0,0,0,0,0,0,0,0
"248",0,0,0,0,0,0,0,0,0,0,0,0,0,0,0,0,0,0,0,0.05,0,0,0,0,0,0,0,0,0,0.8,0,0,0,0,0,0,0,0,0,0,0,0,0,0,0,0,0,0,0,0,0,0,0,0,0,0
"249",0,0,0,0,0,0,0,0,0,0,0,0,0,0,0,0,0,0,0,0,0,0,0,0.000499501,0,0,0,0,0,0.7992008,0,0,0,0,0,0,0,0,0,0,0,0,0,0,0,0,0,0,0,0,0,0,0,0,0,0
"250",0,0,0,0,0,0,0,0,0,0,0,0,0,0,0,0,0,0,0,0.04997501,0,0,0,0,0,0,0,0,0,0.6996502,0,0,0,0,0,0,0,0,0,0,0,0,0,0,0,0,0,0,0,0.00049975,0,0,0,0.04997501,0,0
"251",0,0,0,0,0,0,0,0,0,0,0,0,0,0,0,0,0,0,0,0.04948045,0,0,0,0,0,0,0,0,0,0.7916873,0,0,0,0,0,0,0,0,0,0,0,0,0,0,0,0,0,0,0,0.000494805,0,0,0,0.009896091,0,0
"252",0,0,0,0,0,0,0,0,0,0,0,0,0,0,0,0,0,0,0,0.00990099,0,0,0,0,0,0,0,0,0,0.5940594,0,0,0,0,0,0,0,0,0,0,0,0,0,0,0,0,0,0,0,0,0,0,0,0.0990099,0,0
"253",0,0,0,0,0,0,0,0,0,0,0,0,0,0,0,0,0,0,0,0.000489956,0,0,0,0,0,0,0,0,0,0.009799118,0,0,0,0,0,0,0,0,0.009799118,0,0,0,0,0,0,0,0,0,0,0,0,0,0,0.3919647,0,0
"254",0,0,0,0,0,0,0,0,0,0,0,0,0,0,0,0,0,0,0,0,0,0,0,0,0,0,0,0,0,0.6930693,0,0,0,0,0,0,0,0,0.00990099,0,0,0,0,0,0,0,0,0,0,0,0,0,0,0.04950495,0,0
"255",0,0,0,0,0,0,0,0,0,0,0,0,0,0,0,0,0,0,0,0.000494805,0,0,0,0,0,0,0,0,0,0.7916873,0,0,0,0,0,0,0,0,0,0,0,0,0,0,0,0,0,0,0,0,0,0,0,0.009896091,0,0
"256",0,0,0,0,0,0,0,0,0,0,0,0,0,0,0,0,0,0,0,0.009896091,0,0,0,0,0,0,0,0,0,0.5937654,0,0,0,0,0,0,0,0,0,0,0,0,0,0,0,0,0,0,0,0.000494805,0,0,0,0.04948045,0,0
"257",0,0,0,0,0,0,0,0,0,0,0,0,0,0,0,0,0,0,0,0,0,0,0,0.00990099,0,0,0,0,0,0.6930693,0,0,0,0,0,0,0,0,0,0,0,0,0,0,0,0,0,0,0,0,0,0,0,0,0,0
"258",0,0,0,0,0,0,0,0,0,0,0,0,0,0,0,0.009803922,0,0,0,0.009803922,0,0,0,0,0,0,0,0,0,0.7843137,0,0,0,0,0,0,0,0,0,0,0,0,0,0,0,0,0,0,0,0,0,0.04901961,0,0,0,0
"259",0,0,0,0,0,0,0,0,0,0,0,0,0,0,0,0,0,0,0,0,0,0,0,0.00049975,0,0,0,0,0,0.8995502,0,0,0,0,0,0,0,0,0,0,0,0,0,0,0,0,0,0,0,0,0,0,0,0,0,0
"260",0,0,0,0,0,0,0,0,0,0,0,0,0,0,0,0.009794319,0,0,0,0.09794319,0,0,0.000489716,0,0,0,0,0,0,0,0,0,0,0,0,0,0,0,0.009794319,0,0,0,0,0,0,0,0,0,0,0,0,0,0,0.1958864,0,0
"261",0,0,0,0,0,0,0,0,0,0,0,0,0,0,0,0,0,0,0,0.04997501,0,0,0.00049975,0,0,0,0,0,0,0,0,0,0,0,0,0,0,0,0,0,0,0,0,0,0,0,0,0,0,0,0,0,0,0.6996502,0,0
"262",0,0,0,0,0,0,0,0,0,0,0,0,0,0,0,0.2602811,0,0,0,0.2082249,0,0,0.2602811,0,0,0,0,0,0,0,0,0,0,0,0,0,0,0,0.01041124,0,0,0,0,0,0,0,0,0,0,0,0,0.2082249,0,0.05205622,0,0
"263",0,0,0,0,0,0,0,0,0,0,0,0,0,0,0,0,0,0,0,0.04948045,0,0,0,0,0,0,0,0,0,0,0,0,0,0,0,0,0,0,0,0,0,0,0,0,0,0,0,0,0,0.000494805,0,0.5937654,0,0.1484414,0,0
"264",0,0,0,0,0,0,0,0,0,0,0,0,0,0,0,0.000489716,0,0,0,0.009794319,0,0,0,0,0,0,0,0,0,0,0,0,0,0,0,0,0,0,0,0,0,0,0,0,0,0,0,0,0,0,0,0.4897159,0,0.000489716,0,0
"265",0,0,0,0,0,0,0,0,0,0,0,0,0,0,0,0.000509944,0,0,0,0.01019888,0,0,0,0.1529832,0,0,0.01019888,0,0.01019888,0,0,0,0,0,0,0,0,0,0.05099439,0,0,0,0,0,0,0,0,0,0,0,0,0.4079551,0,0.05099439,0,0
"266",0,0,0,0,0,0,0,0,0,0,0,0.000499501,0,0,0,0.0999001,0,0,0,0.000499501,0,0,0.2497503,0,0,0,0,0,0,0,0,0,0,0,0,0,0.1998002,0,0.0999001,0,0,0,0,0,0,0,0,0,0,0,0,0.0999001,0,0.04995005,0,0
"267",0,0,0,0,0,0,0,0,0,0,0,0,0,0,0,0.3061225,0,0,0,0.01020408,0,0,0.1020408,0,0,0,0,0,0,0,0,0,0,0,0,0,0.1020408,0,0.05102041,0,0,0,0,0,0,0,0,0,0,0,0,0.4081633,0,0.01020408,0,0
"268",0,0,0,0,0,0,0,0,0,0,0,0,0,0,0,0,0,0,0,0.04950495,0,0,0,0.3960396,0,0,0,0,0.3960396,0,0,0,0,0,0,0,0,0,0,0,0,0,0,0,0,0,0,0,0.0990099,0,0,0,0,0.04950495,0,0
"269",0,0,0,0,0,0,0,0,0,0,0,0,0,0,0,0,0,0,0,0.09704027,0,0,0.009704027,0,0,0,0,0,0,0,0,0,0,0,0,0,0,0,0.009704027,0,0,0.09704027,0,0,0,0,0,0,0.09704027,0.009704027,0,0.4852014,0,0,0,0
"270",0,0,0,0,0,0,0,0,0,0,0,0,0,0,0,0,0.2060793,0,0,0.05151983,0,0,0.01030397,0,0,0,0,0,0,0,0,0,0,0,0,0,0,0,0.000515198,0,0,0,0,0,0,0,0.01030397,0,0,0,0,0.4121587,0,0.1030397,0,0
"271",0,0,0,0,0,0,0,0,0,0,0,0,0,0,0,0,0,0,0,0.2474023,0,0,0.000494805,0,0,0,0,0,0,0,0,0,0,0,0,0,0,0,0,0,0,0.04948045,0,0,0,0,0,0,0,0,0,0,0,0,0,0
"272",0,0,0,0,0,0,0,0,0,0,0,0,0,0,0,0.009799118,0,0,0,0.000489956,0,0,0,0.1469868,0,0,0,0,0,0,0,0,0,0,0,0,0.009799118,0,0,0,0,0.04899559,0,0,0,0,0,0,0.4899559,0,0,0,0,0,0,0
"273",0,0,0,0,0,0,0,0,0,0,0,0,0,0,0,0,0,0,0,0.04950495,0,0,0,0,0,0,0,0,0,0,0,0,0,0,0,0,0,0,0.00990099,0,0,0,0,0,0,0,0,0,0,0,0,0,0,0.0990099,0,0
"274",0,0,0,0,0,0,0,0,0,0,0,0,0,0,0,0.01041667,0,0,0,0.05208333,0,0,0,0.4166667,0,0,0,0,0,0,0,0,0,0,0,0,0.1041667,0,0.3125,0,0,0,0,0,0,0,0,0,0,0,0,0,0,0.1041667,0,0
"275",0,0,0,0,0,0,0,0,0,0,0,0,0,0,0,0.04854369,0,0,0,0.009708738,0,0,0,0.009708738,0,0,0,0,0,0,0,0,0,0,0,0,0.1456311,0,0.1456311,0,0,0,0,0,0,0,0,0,0.3883495,0,0,0,0,0.009708738,0,0
"276",0,0,0,0,0,0,0,0,0,0,0,0.1456311,0,0,0,0,0,0,0,0,0,0,0,0.009708738,0,0,0,0,0,0,0,0,0.4854369,0,0,0,0,0,0.009708738,0,0,0,0,0,0,0,0,0.1941748,0,0,0,0,0,0.009708738,0,0
"277",0,0,0,0,0,0,0,0,0,0,0,0,0,0,0,0.000499002,0,0,0,0.0499002,0,0,0.1497006,0,0,0,0,0,0,0.000499002,0,0,0,0,0,0,0,0,0.0499002,0.000499002,0,0,0,0,0,0,0,0,0,0,0,0.1497006,0,0,0,0
"278",0,0,0,0,0,0,0,0,0,0,0,0,0,0,0,0.0990099,0,0,0,0.1980198,0,0,0.1980198,0,0,0,0.00990099,0,0,0,0,0,0,0,0,0,0,0,0.1980198,0,0,0,0,0,0,0,0,0,0,0,0,0,0,0.04950495,0,0
"279",0,0,0,0,0,0,0,0,0,0,0,0,0,0,0,0.09803922,0,0,0,0.009803922,0,0,0,0.7843137,0,0,0,0,0,0,0,0,0,0,0,0,0.009803922,0,0,0,0,0,0,0,0,0,0,0,0,0,0,0,0,0,0,0
"280",0,0,0,0,0,0.04716981,0,0,0,0,0,0,0,0.009433962,0,0,0,0,0,0.04716981,0,0,0,0,0,0,0,0,0,0.3773585,0.04716981,0,0,0,0,0,0,0,0,0,0,0,0,0,0,0,0,0,0,0,0,0,0,0.04716981,0,0
"281",0,0,0,0.000494315,0,0,0.000494315,0,0,0,0,0,0,0.000494315,0,0,0,0,0,0.09886308,0,0,0,0,0,0,0,0,0,0.6920416,0,0,0,0,0,0,0,0,0,0,0,0,0,0,0,0,0,0,0,0,0,0,0,0.009886308,0,0
"282",0,0,0,0,0,0.00990099,0,0,0,0,0,0,0,0,0,0,0,0,0,0.1485149,0,0,0,0,0,0,0,0,0,0.5940594,0,0,0,0,0,0,0,0,0,0,0,0,0,0,0,0,0,0,0,0,0,0,0,0,0,0
"283",0,0,0,0,0,0,0,0,0,0,0,0,0,0,0,0,0,0,0,0.1427891,0,0,0,0,0,0,0,0,0,0.7615421,0,0.000475964,0,0,0,0,0,0,0,0,0,0,0,0,0,0,0,0,0,0,0,0,0,0,0,0
"284",0,0,0,0,0,0,0,0,0,0,0,0,0,0,0,0,0,0,0,0.1,0,0,0,0,0,0,0,0,0,0.7,0,0.05,0,0,0,0,0,0,0,0,0,0,0,0,0,0,0,0,0,0,0,0,0,0,0,0
"285",0,0,0,0.009803922,0,0,0,0,0,0,0,0,0,0,0,0,0,0,0,0.009803922,0,0,0,0,0,0,0,0,0,0.8823529,0,0,0,0,0,0,0,0,0,0,0,0,0,0,0,0,0,0,0,0,0,0,0,0,0,0
"286",0,0,0,0,0,0,0,0,0,0,0,0,0,0,0,0,0,0,0,0.5,0,0,0,0,0,0,0,0,0,0.3,0,0,0,0,0,0,0,0,0,0,0,0,0,0,0,0,0,0,0,0,0,0.05,0,0,0,0
"287",0,0,0,0,0,0,0,0,0,0,0,0,0,0,0,0,0,0,0,0.5940594,0,0,0,0,0,0,0,0,0,0.2970297,0,0,0,0,0,0,0,0,0,0,0,0,0,0,0,0,0,0,0,0,0,0.00990099,0,0,0,0
"288",0,0,0,0,0,0,0,0,0,0,0,0,0,0,0,0,0,0,0,0.2474023,0,0,0,0,0,0,0,0,0,0.6927264,0,0,0,0,0,0,0,0,0,0,0,0,0,0,0,0,0,0,0,0.000494805,0,0,0,0,0,0
"289",0,0,0,0,0,0,0,0,0,0,0,0,0,0,0,0,0,0,0,0,0,0,0,0,0,0,0,0,0,0.8995502,0,0,0,0,0,0,0,0,0,0,0,0,0,0,0,0,0,0,0,0,0,0,0,0.00049975,0,0
"290",0,0,0,0,0,0,0,0,0,0,0,0,0,0,0,0,0,0,0,0.2475248,0,0,0,0,0,0,0,0,0,0.5940594,0,0,0,0,0,0,0,0,0,0,0,0,0,0,0,0,0,0,0,0,0,0.0990099,0,0,0,0
"291",0,0,0,0,0,0,0,0,0,0,0,0,0,0,0,0,0,0,0,0.09803922,0,0,0,0,0,0,0,0,0,0.7352941,0,0,0,0,0,0,0,0,0,0,0,0,0,0,0,0,0,0,0,0.009803922,0,0.009803922,0,0,0,0
"292",0,0,0,0,0,0,0,0,0,0,0,0,0,0,0,0,0,0,0,0.09896091,0,0,0,0,0,0,0,0,0,0.7916873,0,0,0,0,0,0,0,0,0,0,0,0,0,0,0,0,0,0,0,0.009896091,0,0.000494805,0,0,0,0
"293",0,0,0,0,0,0,0,0,0,0,0,0,0,0,0,0,0,0,0,0.3958436,0,0,0,0,0,0,0,0,0,0.4948045,0,0,0,0,0,0,0,0,0,0,0,0,0,0,0,0,0,0,0,0,0,0.009896091,0,0.000494805,0,0
"294",0,0,0,0,0,0,0,0,0,0,0,0,0,0,0,0,0,0,0,0.009799118,0,0,0,0,0,0,0,0,0,0.7839294,0,0,0,0,0,0,0,0,0,0,0,0,0,0,0,0,0,0,0,0.000489956,0,0.04899559,0,0,0,0
"295",0,0,0,0.00049456,0,0,0,0,0,0,0,0,0,0,0,0,0,0,0,0.009891196,0,0,0,0,0,0,0,0,0,0.6923838,0,0,0,0,0,0,0,0,0,0,0,0,0,0,0,0,0,0,0,0,0,0,0,0.00049456,0,0
"296",0,0,0,0.000471476,0,0,0,0,0.1414427,0,0,0,0,0,0,0,0,0,0,0.009429514,0,0,0,0,0,0,0,0,0,0.7543612,0,0,0,0,0,0,0,0,0,0,0,0,0,0,0,0,0,0,0,0,0,0,0,0,0,0
"297",0,0,0,0.15,0,0,0,0,0,0,0,0,0,0,0,0,0,0,0,0.1,0,0,0,0,0,0,0,0,0,0.6,0,0,0,0,0,0,0,0,0,0,0,0,0,0,0,0,0,0,0,0,0,0,0,0,0,0
"298",0,0,0,0,0,0,0,0,0,0,0,0,0,0,0,0,0,0,0,0.05260389,0,0,0,0,0,0,0,0.2630194,0,0.05260389,0,0,0,0,0,0,0,0,0,0,0,0,0,0,0,0,0,0,0,0,0,0.3156233,0,0,0,0
"299",0,0,0,0,0,0.04995005,0,0,0,0,0,0,0,0,0,0.0999001,0,0,0,0.000499501,0,0,0,0,0,0,0,0,0,0,0,0,0,0,0,0,0,0,0,0,0,0,0,0,0,0,0,0,0,0.000499501,0,0,0,0,0,0
"300",0,0,0,0,0,0,0,0,0,0,0,0,0,0,0,0,0,0,0,0,0,0,0,0,0,0,0,0,0,0,0.000499501,0,0,0,0,0,0,0,0,0,0,0,0,0,0,0,0,0,0,0.000499501,0,0,0,0,0,0
"301",0,0,0,0,0,0.009704027,0,0,0,0,0,0,0,0,0,0.009704027,0,0,0,0,0,0,0,0,0,0,0,0,0,0,0.009704027,0,0,0,0,0.000485201,0,0,0,0,0,0,0,0,0,0,0,0,0,0,0,0,0,0,0,0
"302",0,0,0,0,0,0,0,0,0,0,0,0,0,0,0,0,0,0,0,0.3121748,0,0,0,0,0,0,0,0,0,0,0,0,0,0,0,0.000520291,0.3121748,0,0,0,0,0,0,0,0,0,0,0,0,0.000520291,0,0.05202913,0,0,0,0
"303",0,0,0,0,0,0,0,0,0,0,0,0,0,0,0,0,0,0,0,0.009891196,0,0,0,0,0,0,0,0,0,0.00049456,0,0,0,0,0,0,0,0,0,0,0,0,0,0,0,0,0,0,0,0,0,0,0,0,0,0
"304",0,0,0,0,0,0,0,0,0,0,0,0,0,0,0,0,0.000499501,0,0,0.0999001,0,0,0,0,0,0,0,0,0,0,0,0,0,0,0,0,0,0,0,0,0,0,0,0,0,0,0,0,0,0,0,0.2497502,0,0.000499501,0,0
"305",0,0,0,0,0,0.4997501,0,0,0,0,0,0,0,0,0,0,0,0,0,0.00049975,0,0,0,0,0,0,0,0,0,0,0.04997501,0,0,0,0,0,0,0,0,0,0,0,0,0,0,0,0,0,0,0,0,0,0,0.149925,0,0
"306",0,0,0,0,0,0,0,0,0,0,0,0,0,0,0,0,0,0,0,0.3768252,0,0,0,0,0,0,0,0,0,0.000471032,0.000471032,0,0,0,0,0.04710315,0,0,0,0,0,0,0,0,0,0,0,0,0,0.009420631,0,0.1884126,0,0,0,0
"307",0,0,0,0,0,0,0,0,0,0,0,0,0,0,0,0,0,0,0,0.04716981,0,0,0,0,0,0,0,0,0,0,0,0,0,0,0,0,0,0,0,0,0,0,0,0,0,0,0,0,0,0,0,0.09433962,0,0.2830189,0,0
"308",0,0,0,0,0,0,0,0,0,0,0,0,0,0,0,0,0,0,0,0.1,0,0,0,0,0,0,0,0,0,0,0,0,0,0,0,0,0,0,0,0,0,0,0,0,0,0,0,0,0,0,0,0,0,0.1,0,0
"309",0,0,0,0,0,0,0,0,0,0,0,0,0,0,0,0,0,0,0,0.09995002,0,0,0,0,0,0,0,0,0,0,0,0,0,0,0,0,0,0,0,0,0,0,0,0,0,0,0,0,0,0,0,0,0,0.04997501,0,0
"310",0,0,0,0,0,0.009794319,0,0,0,0,0,0,0,0,0,0,0,0,0,0.09794319,0,0,0,0,0,0,0,0,0,0,0.009794319,0,0,0,0,0,0,0,0,0.1469148,0,0,0,0,0,0,0,0,0,0,0,0.000489716,0,0.04897159,0,0
"311",0,0,0,0,0,0,0,0,0,0,0,0,0,0,0,0,0,0,0,0,0,0,0,0,0,0,0,0,0,0,0,0,0,0,0,0,0,0,0,0.04950495,0,0,0,0,0,0,0,0,0,0,0,0,0,0.00990099,0,0
"312",0,0,0,0,0,0,0,0,0,0,0,0,0,0,0,0,0,0,0,0.04950495,0,0,0,0,0,0,0,0,0,0,0.04950495,0,0,0,0,0,0,0,0,0.00990099,0,0,0,0,0,0,0,0,0,0,0,0,0,0.04950495,0,0
"313",0,0,0.15,0,0,0.7,0,0,0,0,0,0,0,0,0,0,0,0,0,0,0,0,0,0,0,0,0,0,0,0,0,0,0,0,0,0,0,0,0,0,0,0,0,0,0,0,0,0,0,0,0,0,0,0,0,0
"314",0,0,0,0,0,0.3125,0,0,0,0,0,0,0,0,0,0,0,0,0,0,0,0,0,0,0,0,0,0,0.05208333,0,0,0,0,0,0,0,0,0,0,0,0,0,0,0,0,0,0,0,0,0,0,0,0,0.01041667,0,0
"315",0,0,0,0,0,0.1958864,0,0,0,0,0,0,0,0,0,0,0.000489716,0,0,0.009794319,0,0,0,0,0,0,0,0,0,0,0,0,0,0,0,0,0,0,0,0,0,0,0,0,0,0,0,0,0,0,0,0.009794319,0,0.04897159,0,0
"316",0,0,0.09896091,0,0,0.4948045,0,0,0,0,0,0,0,0,0,0,0,0,0,0,0,0,0,0,0,0,0,0,0,0,0,0,0,0,0,0,0,0,0,0,0,0,0,0,0,0,0,0,0,0,0,0,0,0.009896091,0,0
"317",0,0,0,0,0,0,0,0,0,0,0,0,0,0,0,0,0.000514933,0,0,0.0514933,0,0,0,0,0,0,0,0,0,0.7209063,0,0,0,0,0,0,0,0,0,0,0,0,0,0,0.000514933,0,0,0,0,0,0,0.1029866,0,0.01029866,0,0
"318",0,0,0,0,0,0,0,0,0,0,0,0,0,0,0,0,0,0,0,0.04997501,0,0,0,0,0,0,0,0,0,0,0,0,0,0,0,0,0,0,0,0,0,0,0,0,0,0,0,0,0,0,0,0,0,0.04997501,0,0
"319",0,0,0,0,0,0,0,0,0,0,0,0,0,0,0,0,0,0,0,0.4997501,0,0,0,0,0,0,0,0,0,0.04997501,0,0,0,0,0,0,0,0,0,0,0,0,0,0,0,0,0,0,0,0.00049975,0,0.02498751,0,0.02498751,0,0
"320",0,0,0,0,0,0,0,0,0,0,0,0,0,0,0,0,0,0,0,0.01128668,0,0,0.000564334,0,0,0,0,0,0,0.564334,0,0,0,0,0,0,0,0,0,0,0,0,0,0,0,0,0,0,0,0.000564334,0,0,0,0.0282167,0,0
"321",0,0,0,0,0,0,0,0,0,0,0,0,0,0,0,0,0,0,0,0.01041667,0,0,0,0,0,0,0,0,0,0.5208333,0,0,0,0,0,0,0,0,0,0,0,0,0,0,0,0,0,0,0,0,0,0,0,0.1041667,0,0
"322",0,0,0,0,0,0,0,0,0,0,0,0,0,0,0,0,0,0,0,0.00921659,0,0,0,0,0,0,0,0,0,0.1382488,0,0,0,0,0,0,0,0,0,0,0,0,0,0,0,0,0,0,0,0,0,0,0,0.02304148,0,0
"323",0,0,0,0,0,0,0,0,0,0,0,0,0,0,0,0,0,0,0,0,0,0,0,0,0,0,0,0,0,0.8571429,0,0,0,0,0,0,0,0,0,0,0,0,0,0,0,0,0,0,0,0,0,0,0,0,0,0
"324",0,0,0,0,0,0,0,0,0,0,0,0,0,0,0,0,0,0,0,0.02777778,0,0,0,0,0,0,0,0,0,0.5555556,0,0,0,0,0,0,0,0,0,0,0,0,0,0,0,0,0,0,0,0,0,0.05555556,0,0.02777778,0,0
"325",0,0,0,0,0,0,0,0,0,0,0,0,0,0,0,0,0,0,0,0.0990099,0,0,0,0,0,0,0,0,0,0.1980198,0,0,0,0,0,0,0,0,0,0,0,0,0,0,0,0,0,0,0,0,0,0.00990099,0,0.04950495,0,0
"326",0,0,0,0,0,0,0,0,0,0,0,0,0,0,0,0,0,0,0,0.000548847,0.000548847,0,0,0,0,0,0,0,0,0.6586169,0,0,0,0,0,0,0,0,0,0,0,0,0,0,0,0,0,0,0,0,0,0,0,0.01097695,0,0
"327",0,0,0,0,0,0,0,0,0,0,0,0,0,0,0,0,0,0,0,0.04997501,0,0,0,0,0,0,0,0,0,0.5997002,0,0,0,0,0,0,0,0,0,0,0,0,0,0,0,0,0,0,0,0,0,0,0,0.00049975,0,0
"328",0,0,0,0,0,0,0,0,0,0,0,0,0,0,0,0,0,0,0,0,0,0,0,0,0,0,0,0,0,0.9,0,0,0,0,0,0,0,0,0,0,0,0,0,0,0,0,0,0,0,0,0,0,0,0,0,0
"329",0,0,0,0,0,0,0,0,0,0,0,0,0,0,0,0,0,0,0,0.02414292,0,0,0.009657171,0,0,0,0,0,0,0.7725736,0,0,0,0,0,0,0,0,0,0,0,0,0,0,0,0,0,0,0,0.000482859,0,0,0,0,0,0
"330",0,0,0,0,0,0,0,0,0,0,0,0,0,0,0,0,0,0,0,0.09803922,0,0,0,0,0,0,0,0,0,0.7843137,0,0,0,0,0,0,0,0,0,0,0,0,0,0,0,0,0,0,0,0.009803922,0,0,0,0.009803922,0,0
"331",0,0,0,0,0,0,0,0,0,0,0.000514933,0,0,0,0,0,0,0,0,0.000514933,0,0,0.01029866,0,0,0,0,0,0,0.8238929,0,0,0,0,0,0,0,0,0,0,0,0,0,0,0,0,0,0,0,0,0,0,0,0.01029866,0,0
"332",0,0,0,0,0,0,0,0,0,0,0,0,0,0,0,0.3921569,0,0,0,0.009803922,0,0,0.04901961,0,0,0,0.245098,0,0,0,0,0,0,0.04901961,0,0,0.009803922,0.04901961,0.09803922,0,0,0,0,0,0,0,0,0,0,0,0,0,0,0,0,0
"333",0,0,0,0,0,0,0,0,0,0,0,0,0,0,0,0,0,0,0,0,0,0,0,0,0,0,0,0,0,0.4162331,0,0,0,0.000520291,0,0,0,0,0,0,0,0,0,0,0,0,0,0,0,0,0,0,0,0.01040583,0,0
"334",0,0,0,0,0,0,0,0,0,0,0,0,0,0,0,0,0,0,0,0,0,0,0.000499251,0,0,0,0,0,0,0.5991013,0,0,0,0,0,0,0,0,0,0,0,0,0,0,0,0,0,0,0,0.000499251,0,0,0,0.000499251,0,0
"335",0,0,0,0,0,0,0,0,0,0,0,0,0,0,0,0,0,0,0,0.000489716,0,0,0,0,0,0,0,0,0,0.3917727,0,0,0,0.000489716,0,0,0,0,0,0,0,0,0,0,0,0,0,0,0,0.009794319,0,0,0,0.009794319,0,0
"336",0,0,0,0,0,0,0,0,0,0,0,0,0,0,0,0,0,0,0,0,0,0,0,0,0,0,0,0,0,0.5997002,0,0.00049975,0,0,0,0,0,0,0,0,0,0,0,0,0,0,0,0,0,0,0,0,0,0,0,0
"337",0,0,0,0,0,0,0,0,0,0,0,0,0,0,0,0,0,0,0,0.009886307,0,0,0,0,0,0,0,0,0,0.7909045,0.000494315,0,0,0,0,0,0,0,0,0,0,0,0,0,0,0,0,0,0,0.000494315,0,0.000494315,0,0,0,0
"338",0,0,0,0,0,0,0,0,0,0,0,0,0,0,0,0,0,0,0,0,0,0,0,0,0,0,0,0,0,0.6993006,0,0.000499501,0,0,0,0,0,0,0,0,0,0,0,0,0,0,0,0,0,0.000499501,0,0,0,0,0,0
"339",0,0,0,0,0,0,0,0,0,0,0,0,0,0,0,0.02630194,0.000526039,0,0,0,0,0,0,0.94687,0,0,0,0,0,0,0,0,0,0.02630194,0,0,0,0,0,0,0,0,0,0,0,0,0,0,0,0,0,0,0,0,0,0
"340",0,0,0,0,0,0,0,0,0,0,0,0.02536783,0,0,0,0.01014713,0,0,0,0.000507357,0,0,0,0.913242,0,0,0,0.02536783,0,0,0,0,0,0.02536783,0,0,0,0,0,0,0,0,0,0,0,0,0,0,0,0,0,0,0,0,0,0
"341",0,0,0,0,0,0,0,0,0,0.000506842,0,0,0,0,0,0,0,0,0,0.02534212,0,0,0,0,0,0,0,0,0,0,0,0,0,0,0,0,0,0,0,0,0,0,0,0,0,0,0,0,0,0.000506842,0,0.861632,0,0,0,0.06082108
"342",0,0,0,0,0,0,0,0,0,0,0,0,0,0,0,0,0,0,0,0.04995005,0,0,0,0,0,0,0,0,0,0,0,0,0,0,0,0,0,0,0,0,0,0,0,0,0,0,0,0,0,0.000499501,0,0.3996004,0,0.2997003,0,0
"343",0,0,0,0,0,0,0,0,0,0,0,0,0,0,0,0,0,0,0,0,0,0,0,0,0,0.009799118,0,0,0,0,0,0,0,0,0,0,0,0,0,0,0.009799118,0,0,0,0,0,0.000489956,0,0,0,0,0,0,0,0,0
"344",0,0,0,0,0,0,0,0,0,0,0,0,0,0,0,0.7425743,0,0,0,0,0,0,0.2475248,0,0,0,0,0,0,0,0,0,0,0,0,0,0,0.00990099,0,0,0,0,0,0,0,0,0,0,0,0,0,0,0,0,0,0
"345",0,0,0,0,0,0,0,0,0,0,0,0.00990099,0,0,0,0.1980198,0,0,0,0,0,0,0.1980198,0,0,0,0,0,0,0,0,0,0,0.0990099,0,0,0,0.1980198,0,0,0,0,0,0,0,0,0,0,0,0,0,0,0,0,0,0
"346",0,0,0,0,0,0,0,0,0,0,0,0,0,0,0,0.2,0,0,0,0,0,0,0.05,0,0,0,0,0,0,0,0,0,0,0.3,0,0,0,0.05,0,0,0,0,0,0,0,0,0,0,0,0,0,0.4,0,0,0,0
"347",0,0,0,0,0,0,0,0,0,0,0,0,0,0,0,0.02628812,0,0,0,0,0,0,0.2628812,0,0,0,0,0,0.6309148,0,0,0,0,0.02628812,0,0,0,0.000525762,0,0,0,0,0,0,0,0,0.000525762,0,0,0,0,0,0,0.05257623,0,0
"348",0,0,0,0,0,0,0,0,0,0,0,0,0,0,0,0.486618,0.000486618,0,0,0.000486618,0,0,0.000486618,0,0,0,0,0,0,0,0,0,0,0.486618,0,0,0,0.000486618,0,0.000486618,0,0,0,0,0,0,0.0243309,0,0,0,0,0,0,0,0,0
"349",0,0,0,0,0,0,0,0,0,0,0,0,0,0,0,0,0.00049975,0,0,0,0,0,0,0,0,0,0.9995002,0,0,0,0,0,0,0,0,0,0,0,0,0,0,0,0,0,0,0,0,0,0,0,0,0,0,0,0,0
"350",0,0,0,0,0,0,0,0,0,0,0,0,0,0,0,0.8438818,0,0,0,0.000703235,0,0,0.03516174,0,0,0.03516174,0,0,0,0,0,0,0,0.0140647,0,0,0,0,0,0,0,0,0,0,0,0,0,0,0,0,0,0,0,0.07032349,0,0
"351",0,0,0,0,0,0,0,0,0,0,0,0,0,0,0,0.000487567,0,0,0,0,0,0,0.09751341,0,0,0.02437835,0,0,0.2437835,0,0,0,0,0,0,0,0,0.2437835,0,0,0,0,0,0,0,0,0.0487567,0,0,0,0,0.09751341,0,0,0,0
"352",0,0,0,0,0,0,0,0,0,0,0,0,0,0,0,0.000520562,0,0,0,0,0,0,0,0,0,0.5205622,0,0,0,0,0,0,0,0,0,0,0,0,0,0,0.01041124,0,0,0,0,0,0.05205622,0,0,0,0,0,0,0,0,0
"353",0,0,0,0,0,0,0,0,0,0,0,0.9737097,0,0,0,0,0,0,0,0,0,0,0.000486855,0,0,0,0,0,0,0,0,0,0,0.000486855,0,0,0,0.000486855,0,0,0.000486855,0,0,0,0,0,0,0,0,0,0.02434274,0,0,0,0,0
"354",0,0,0,0,0,0,0,0,0,0,0,0.05434782,0,0,0,0.01086957,0,0,0,0,0,0,0.01086957,0,0,0.05434782,0,0,0,0,0,0,0,0.1086956,0,0,0,0.326087,0,0,0,0,0,0,0,0,0,0.326087,0,0,0,0,0,0,0,0
"355",0,0,0,0,0,0,0,0,0,0,0,0,0,0,0,0.04755112,0,0,0,0.000475511,0,0,0,0,0,0.000475511,0,0,0,0,0,0,0.04755112,0.000475511,0,0,0,0.04755112,0,0,0,0,0,0,0,0,0,0.380409,0.04755112,0,0,0,0,0.2377556,0,0
"356",0,0,0,0,0,0,0,0,0,0,0,0.01020408,0,0,0,0.5102041,0,0,0,0.01020408,0,0,0,0,0,0,0,0,0,0,0,0,0,0.1530612,0,0,0,0.1020408,0,0,0,0,0,0,0,0,0.01020408,0,0,0,0,0,0,0.2040816,0,0
"357",0,0,0,0,0,0,0,0,0,0,0,0,0,0,0,0.2082249,0,0,0,0.000520562,0,0,0,0,0.5205622,0.01041124,0,0,0,0,0,0,0,0.1561687,0,0,0,0,0,0,0,0,0,0,0,0,0,0,0,0,0,0,0,0.1041124,0,0
"358",0,0,0,0,0,0,0,0,0,0,0,0,0,0,0,0.1903855,0,0,0,0.04759638,0,0,0.1903855,0,0,0,0,0,0,0,0,0,0,0.1903855,0,0,0,0.1903855,0,0,0,0,0,0,0,0,0,0,0,0.000475964,0.09519276,0,0,0,0,0
"359",0,0,0,0,0,0,0,0,0,0,0,0,0,0,0,0,0,0,0,0.1903855,0,0,0,0,0,0,0,0,0,0.2855783,0.000475964,0,0,0,0,0,0,0,0,0,0,0,0,0,0,0,0,0,0,0,0,0,0,0.04759638,0,0
"360",0,0,0,0,0,0,0,0,0,0,0,0,0,0,0,0,0,0,0,0.1960784,0,0,0,0,0,0,0,0,0,0.009803922,0.009803922,0,0,0,0,0,0,0,0,0,0,0,0,0,0,0,0,0,0,0,0,0,0,0,0,0
"361",0,0,0,0,0,0,0,0,0,0,0,0,0,0,0,0,0,0,0,0.1,0,0,0,0,0,0,0,0,0,0.3,0,0,0,0,0,0,0,0,0,0,0,0,0,0,0,0,0,0,0,0,0,0,0,0,0,0
"362",0,0,0,0,0,0,0,0,0,0,0,0,0,0,0,0,0,0,0,0.2380952,0,0,0,0,0,0,0,0,0,0.3809524,0,0,0,0,0,0,0,0,0,0,0,0,0,0,0,0,0,0,0,0,0,0,0,0,0,0
"363",0,0,0,0,0,0,0,0,0,0,0,0,0,0,0,0,0,0,0,0.04761905,0,0,0,0,0,0,0,0.1904762,0,0.2857143,0,0,0,0,0,0,0,0,0,0,0,0,0,0,0,0,0,0,0,0,0,0,0,0.0952381,0,0
"364",0,0,0,0,0,0,0,0,0,0,0,0,0,0,0,0,0,0,0,0.1052632,0,0,0,0,0,0,0,0,0,0.1052632,0,0,0,0,0,0,0,0,0,0,0,0,0,0,0,0,0,0,0,0,0,0,0,0.05263158,0,0
"365",0,0,0,0,0,0,0,0,0,0,0,0,0,0,0,0,0,0,0,0,0,0,0,0,0,0,0,0,0.00969932,0.6789525,0,0,0,0,0.000484966,0,0.000484966,0,0,0,0,0,0,0,0,0,0,0,0,0,0.00969932,0,0,0.00969932,0,0
"366",0,0,0,0,0,0,0,0,0,0,0,0,0,0,0,0,0,0,0,0.3958436,0,0,0,0,0,0,0,0,0,0.2968827,0,0,0,0,0,0,0,0,0,0,0,0,0,0,0,0,0,0,0,0.009896091,0,0.000494805,0,0,0,0
"367",0,0,0,0,0,0,0,0,0,0,0,0,0,0,0,0,0,0,0,0.4950495,0,0,0,0,0,0,0,0,0,0.2970297,0,0,0,0,0,0,0,0,0,0,0,0,0,0,0,0,0,0,0,0.00990099,0,0,0,0,0,0
"368",0,0,0,0,0,0,0,0,0,0,0,0,0,0,0,0,0,0,0,0.4,0,0,0,0,0,0,0,0,0,0.4,0,0,0,0,0,0,0,0,0,0,0,0,0,0,0,0,0,0,0,0,0,0,0,0,0,0
"369",0,0,0,0,0,0,0,0,0,0,0,0,0,0,0,0,0,0,0,0.000499501,0,0,0,0,0,0,0,0,0,0.6993006,0,0,0,0,0,0,0,0,0,0,0,0,0,0,0,0,0,0,0,0,0,0,0,0.000499501,0,0
"370",0,0,0,0,0,0,0,0,0,0,0,0,0,0,0,0,0,0,0,0.1,0,0,0,0,0,0,0,0,0,0.2,0,0,0,0,0,0,0,0,0,0,0,0,0,0,0,0,0,0,0,0,0,0,0,0,0,0
"371",0,0,0,0,0,0,0,0,0.15,0,0,0,0,0,0,0,0,0,0,0.4,0,0,0,0,0,0,0,0.05,0,0.2,0,0,0,0,0,0,0,0,0,0,0,0,0,0,0,0,0,0,0,0,0,0,0,0,0,0
"372",0,0,0,0,0,0.00990099,0,0,0,0,0,0,0,0,0,0,0,0,0,0.1980198,0,0,0,0,0,0,0,0,0,0.1980198,0,0,0,0,0,0,0,0,0,0,0,0,0,0,0,0,0,0,0,0,0,0,0,0,0,0
"373",0,0,0,0,0,0,0,0,0,0,0,0,0,0,0,0,0,0,0,0.15625,0,0,0,0,0,0,0,0,0,0.1041667,0.01041667,0,0,0,0,0,0,0,0,0,0,0,0,0,0,0,0,0,0,0,0,0,0,0,0,0
"374",0,0,0,0,0,0,0,0,0,0,0,0,0,0,0,0.01030928,0,0,0,0,0,0,0.01030928,0,0,0,0,0,0,0,0,0,0,0.05154639,0,0,0,0,0,0,0,0,0,0,0,0,0,0,0,0,0,0,0,0,0.5154639,0
"375",0,0,0,0,0,0,0,0,0,0,0,0,0,0,0,0.05154639,0,0,0,0,0,0,0.01030928,0,0,0,0,0,0,0,0,0,0,0.927835,0,0,0,0,0,0,0,0,0,0,0,0,0,0,0,0,0,0,0,0,0.01030928,0
"376",0,0,0,0,0,0,0,0,0,0,0,0,0,0,0,0,0,0,0,0,0,0,0,0,0,0,0,0,0,0,0,0,0,0.6666667,0,0,0.0952381,0,0,0,0,0,0,0,0,0,0,0,0,0,0,0,0,0,0.2380952,0
"377",0,0,0,0,0,0,0,0,0,0,0,0,0,0,0,0,0,0,0,0.4901961,0,0,0,0,0,0,0,0,0,0,0,0,0,0.009803922,0,0,0,0,0,0,0,0,0,0,0,0,0,0,0,0,0,0.4901961,0,0,0,0
"378",0,0,0,0,0,0,0,0,0,0,0,0,0,0,0,0,0,0,0,0,0,0,0,0,0,0,0,0,0,0,0,0,0,0.2604167,0,0,0.5208333,0,0,0,0,0,0,0,0,0,0,0,0,0,0,0,0,0,0.01041667,0
"379",0,0,0,0,0,0,0,0,0,0,0,0,0,0,0,0,0,0,0,0.01020408,0,0,0,0,0,0,0,0,0,0,0,0,0,0.01020408,0,0,0.05102041,0,0,0,0,0,0,0,0,0,0,0,0,0,0,0.5102041,0,0.01020408,0,0
"380",0,0,0,0,0,0,0,0,0,0,0,0,0,0,0,0,0,0,0,0,0,0,0,0,0,0,0,0,0.04878049,0,0,0,0.2439024,0,0.02439024,0.2439024,0,0,0,0,0,0,0,0,0,0,0,0,0,0,0,0,0,0,0.2439024,0
"381",0,0,0,0,0,0,0,0,0,0,0,0,0,0,0,0,0,0,0,0.09794319,0,0,0,0,0,0,0,0,0,0.000489716,0,0,0,0,0,0,0.009794319,0,0,0,0,0,0,0,0,0,0,0,0,0.000489716,0,0.489716,0,0,0,0
"382",0,0,0,0,0,0,0,0,0,0,0,0,0,0,0,0,0,0,0,0.04668534,0,0,0,0,0,0,0,0,0,0.1867414,0.000466853,0,0,0,0,0,0,0,0,0,0,0,0,0,0,0,0,0,0,0.000466853,0,0.6535948,0,0.009337069,0,0
"383",0,0,0,0,0,0,0,0,0,0,0,0,0,0,0,0,0,0,0,0.2475248,0,0,0.2475248,0,0,0,0,0,0,0.00990099,0,0,0,0,0,0,0,0,0,0,0,0,0,0,0,0,0,0,0,0,0,0,0,0.4950495,0,0
"384",0,0,0,0,0,0,0,0,0,0,0,0,0,0,0,0,0,0,0,0.2475248,0.0990099,0,0,0,0,0,0,0,0,0.00990099,0,0,0,0,0,0,0,0,0,0,0,0,0,0,0,0,0,0,0,0,0,0,0,0.04950495,0,0
"385",0,0,0,0,0,0,0,0,0,0,0,0,0,0,0,0.000684463,0,0,0,0.2053388,0,0,0.06844626,0,0,0,0,0,0,0.01368925,0,0,0,0,0,0,0,0,0,0.03422313,0,0,0,0,0,0,0,0,0,0,0,0.4106776,0,0.01368925,0.03422313,0
"386",0,0,0.9803922,0,0,0,0,0,0,0,0,0,0,0,0,0,0,0,0,0,0,0,0,0,0,0,0,0,0,0,0,0,0,0,0,0,0,0,0,0.009803922,0,0,0,0,0.009803922,0,0,0,0,0,0,0,0,0,0,0
"387",0,0,0.1428571,0,0,0,0,0,0,0,0,0,0,0,0,0,0.0952381,0,0,0,0,0,0,0,0,0,0,0,0,0,0.2380952,0,0,0,0,0,0,0,0,0,0,0,0,0,0,0,0,0,0,0,0,0,0,0,0.1428571,0
"388",0,0,0.7,0,0,0,0,0,0,0,0,0,0,0,0,0,0,0,0,0,0,0,0,0,0,0,0,0,0.25,0,0,0,0,0,0,0,0,0,0,0,0,0,0,0,0,0,0,0,0,0,0,0,0,0,0.05,0
"389",0,0,0.009661836,0,0,0,0,0,0,0,0,0,0,0,0,0,0,0,0,0,0,0,0,0,0,0,0,0,0,0,0,0,0,0,0.02415459,0,0,0,0,0,0,0,0,0,0,0,0,0,0,0,0,0,0,0,0.4830918,0
"390",0,0,0,0,0,0,0,0,0,0,0,0,0,0,0,0,0.009564801,0,0,0.00047824,0,0,0,0,0,0,0,0,0,0,0,0,0,0,0,0,0,0,0,0,0,0,0,0,0.009564801,0,0,0,0,0,0,0.23912,0,0,0.023912,0
"391",0,0,0.2,0,0,0,0,0,0,0,0,0,0,0,0,0,0,0,0,0,0,0,0,0,0,0,0,0,0,0,0,0,0,0,0,0,0,0,0,0,0,0,0,0,0,0,0,0,0,0,0,0,0,0,0.7,0
"392",0,0,0,0,0,0,0,0,0,0,0,0,0,0,0,0,0,0,0,0.02439024,0,0,0,0,0,0,0,0,0,0.1951219,0,0,0,0,0,0,0,0,0,0,0,0,0,0,0,0,0,0,0,0,0,0,0,0,0,0
"393",0,0,0,0,0,0,0,0,0,0,0,0,0,0,0,0,0,0,0,0,0,0,0,0,0,0,0,0,0,0,0,0,0,0,0,0,0,0,0,0,0,0,0,0,0,0,0,0,0,0,0,0,0,0,0,0
